Date,Median_Sale_Price,Average_Sale_Price,County
1-Jan,393638.73,646535.35,Fairfield
1-Feb,374604.75,652568.27,Fairfield
1-Mar,400118.38,619265.04,Fairfield
1-Apr,396878.55,617362.17,Fairfield
1-May,427616.39,613559.53,Fairfield
1-Jun,453575.49,689000.49,Fairfield
1-Jul,461675.05,698997.41,Fairfield
1-Aug,477064.22,730031.12,Fairfield
1-Sep,417937.41,612745.04,Fairfield
1-Oct,396878.55,572847.76,Fairfield
1-Nov,417937.41,572579.86,Fairfield
1-Dec,413077.67,633079.3,Fairfield
2-Jan,430506.89,633222.73,Fairfield
2-Feb,397023.02,604258.22,Fairfield
2-Mar,441668.18,684075.45,Fairfield
2-Apr,446451.59,638218,Fairfield
2-May,478340.99,740853.21,Fairfield
2-Jun,559499.52,804360.38,Fairfield
2-Jul,534147.44,828354.97,Fairfield
2-Aug,540525.32,753016.07,Fairfield
2-Sep,462396.29,696420.06,Fairfield
2-Oct,486313.34,667295.11,Fairfield
2-Nov,462396.29,678106.03,Fairfield
2-Dec,478340.99,651593.34,Fairfield
3-Jan,441877.89,680759.56,Fairfield
3-Feb,446943.51,616872.15,Fairfield
3-Mar,452009.13,615925.51,Fairfield
3-Apr,482324.92,660822.87,Fairfield
3-May,506561.96,721155.28,Fairfield
3-Jun,544748.93,753881.74,Fairfield
3-Jul,553321.52,800517.24,Fairfield
3-Aug,556438.83,839578.22,Fairfield
3-Sep,522148.48,743777.11,Fairfield
3-Oct,498768.7,727960.59,Fairfield
3-Nov,490975.43,738507.85,Fairfield
3-Dec,529941.74,751867.16,Fairfield
4-Jan,516172.46,796876.58,Fairfield
4-Feb,498713.69,781610.05,Fairfield
4-Mar,508581.69,750256.95,Fairfield
4-Apr,557162.63,879050.62,Fairfield
4-May,563994.33,882326.76,Fairfield
4-Jun,599670.95,909539.2,Fairfield
4-Jul,651288.2,926312.2,Fairfield
4-Aug,645215.58,960573.16,Fairfield
4-Sep,606123.11,890448.43,Fairfield
4-Oct,558680.79,836144.7,Fairfield
4-Nov,569307.87,840208.02,Fairfield
4-Dec,570826.02,833972.52,Fairfield
5-Jan,558113.49,866319.16,Fairfield
5-Feb,543426.29,905319.18,Fairfield
5-Mar,587487.88,869428.62,Fairfield
5-Apr,603643.8,877453.18,Fairfield
5-May,631549.47,918725.08,Fairfield
5-Jun,653580.27,990540.03,Fairfield
5-Jul,690298.26,1002138.07,Fairfield
5-Aug,675611.06,1062096.06,Fairfield
5-Sep,624205.87,942923.72,Fairfield
5-Oct,602175.08,900333.41,Fairfield
5-Nov,598503.28,885970.57,Fairfield
5-Dec,627877.67,944643.54,Fairfield
6-Jan,583378.11,907740.27,Fairfield
6-Feb,579820.93,893715.02,Fairfield
6-Mar,583378.11,905617.74,Fairfield
6-Apr,569149.38,898961.56,Fairfield
6-May,605432.65,943326.12,Fairfield
6-Jun,661636.15,1014677.43,Fairfield
6-Jul,654521.78,985408.95,Fairfield
6-Aug,633178.68,948494.82,Fairfield
6-Sep,569149.38,851809.69,Fairfield
6-Oct,583378.11,822849.24,Fairfield
6-Nov,580532.37,828167.04,Fairfield
6-Dec,562035.01,897774.53,Fairfield
7-Jan,567099.24,973922.28,Fairfield
7-Feb,575398.26,886031.48,Fairfield
7-Mar,574015.09,961757.9,Fairfield
7-Apr,610669.06,978828.05,Fairfield
7-May,627612.88,1030888.87,Fairfield
7-Jun,684668.6,1081431.18,Fairfield
7-Jul,691584.44,1105793.7,Fairfield
7-Aug,657005.22,1013358.64,Fairfield
7-Sep,553267.55,913088.37,Fairfield
7-Oct,567099.24,852946.48,Fairfield
7-Nov,591996.28,1001953.16,Fairfield
7-Dec,553267.55,871493.74,Fairfield
8-Jan,486304.36,736161.96,Fairfield
8-Feb,526274.58,862800.72,Fairfield
8-Mar,506289.47,829519.86,Fairfield
8-Apr,519612.88,873191.3,Fairfield
8-May,554253.73,875796.01,Fairfield
8-Jun,576237.36,930285.57,Fairfield
8-Jul,672832.06,958049.72,Fairfield
8-Aug,583565.23,961542.32,Fairfield
8-Sep,512951.17,756263.98,Fairfield
8-Oct,512951.17,720543.18,Fairfield
8-Nov,459657.54,675053.73,Fairfield
8-Dec,430679.13,627849.51,Fairfield
9-Jan,413868.51,617320.28,Fairfield
9-Feb,400986.8,598301.05,Fairfield
9-Mar,422372.77,687052.79,Fairfield
9-Apr,447768.6,646309.2,Fairfield
9-May,454451.71,670175.98,Fairfield
9-Jun,521282.85,762868.65,Fairfield
9-Jul,553361.79,853901.33,Fairfield
9-Aug,534649.07,817914.35,Fairfield
9-Sep,461134.82,752773.49,Fairfield
9-Oct,467817.94,765865.86,Fairfield
9-Nov,447768.6,671193.87,Fairfield
9-Dec,481184.17,734142.65,Fairfield
10-Jan,493162.56,774190.14,Fairfield
10-Feb,394530.05,637585.61,Fairfield
10-Mar,460285.05,702150.59,Fairfield
10-Apr,480011.56,794322.58,Fairfield
10-May,482641.76,762596.33,Fairfield
10-Jun,536560.86,811457.63,Fairfield
10-Jul,624672.57,1001329.21,Fairfield
10-Aug,558917.56,871444.5,Fairfield
10-Sep,486587.06,806250.18,Fairfield
10-Oct,483956.86,754519.21,Fairfield
10-Nov,486587.06,728777.29,Fairfield
10-Dec,466860.55,821922.5,Fairfield
11-Jan,468587.29,796306.21,Fairfield
11-Feb,414396.93,725002.72,Fairfield
11-Mar,443723.48,712753.68,Fairfield
11-Apr,478150.3,821677.76,Fairfield
11-May,504926.72,908453.77,Fairfield
11-Jun,567405.02,920584.14,Fairfield
11-Jul,535082.06,797564.24,Fairfield
11-Aug,531703.13,814403.12,Fairfield
11-Sep,484464.43,763204.11,Fairfield
11-Oct,383795.31,597748.56,Fairfield
11-Nov,376144.9,653940.78,Fairfield
11-Dec,401646.25,651872.19,Fairfield
12-Jan,374750.94,628277.03,Fairfield
12-Feb,370066.55,591216.8,Fairfield
12-Mar,412226.03,649021.94,Fairfield
12-Apr,424717.73,625875.57,Fairfield
12-May,455946.97,703048.67,Fairfield
12-Jun,562001.49,830398.35,Fairfield
12-Jul,530897.16,815535.44,Fairfield
12-Aug,499667.92,797630.54,Fairfield
12-Sep,455946.97,755897.75,Fairfield
12-Oct,415973.54,635706.7,Fairfield
12-Nov,443455.28,694466.96,Fairfield
12-Dec,462192.82,889637.84,Fairfield
13-Jan,369336.57,633861.01,Fairfield
13-Feb,390881.2,709663.55,Fairfield
13-Mar,400114.62,649497.82,Fairfield
13-Apr,430892.66,676173.23,Fairfield
13-May,512146.71,806876.54,Fairfield
13-Jun,554004.85,867163.49,Fairfield
13-Jul,520764.56,786180.78,Fairfield
13-Aug,501017.98,759816.78,Fairfield
13-Sep,437048.27,668987.86,Fairfield
13-Oct,395190.13,569903.15,Fairfield
13-Nov,418581.44,675809.53,Fairfield
13-Dec,429661.54,736754.41,Fairfield
14-Jan,391633.46,629996.15,Fairfield
14-Feb,363464.93,620459.37,Fairfield
14-Mar,363464.93,595636.94,Fairfield
14-Apr,426569.71,667152.96,Fairfield
14-May,450696.51,729856.65,Fairfield
14-Jun,509911,765573.79,Fairfield
14-Jul,502793.15,777957.99,Fairfield
14-Aug,511274,815134.81,Fairfield
14-Sep,423436.64,617804.07,Fairfield
14-Oct,405869.17,652924.21,Fairfield
14-Nov,424042.41,661414.86,Fairfield
14-Dec,428585.73,687448.25,Fairfield
15-Jan,403196.93,628817.46,Fairfield
15-Feb,407193.23,621820.47,Fairfield
15-Mar,393277.26,610164.03,Fairfield
15-Apr,423529.36,682893.27,Fairfield
15-May,484033.56,705415.69,Fairfield
15-Jun,471932.72,775263.29,Fairfield
15-Jul,496739.44,783449.39,Fairfield
15-Aug,447731.04,709604.7,Fairfield
15-Sep,421109.19,649201.14,Fairfield
15-Oct,453781.46,682486.58,Fairfield
15-Nov,387787.11,598474.17,Fairfield
15-Dec,391341.13,595891.45,Fairfield
16-Jan,388355.4,625406.57,Fairfield
16-Feb,386801.98,606171.41,Fairfield
16-Mar,379094.62,592817.29,Fairfield
16-Apr,406279.5,619528.45,Fairfield
16-May,423830.17,628468.09,Fairfield
16-Jun,463039.13,727062.26,Fairfield
16-Jul,448102.39,649397.19,Fairfield
16-Aug,442008.19,620810.3,Fairfield
16-Sep,430178.29,621861.04,Fairfield
16-Oct,388355.4,564580.51,Fairfield
16-Nov,418228.89,613043.91,Fairfield
16-Dec,400006.06,580707,Fairfield
17-Jan,386100.58,596125.32,Fairfield
17-Feb,374400.56,587602.77,Fairfield
17-Mar,380250.57,579329.39,Fairfield
17-Apr,447525.67,648556.12,Fairfield
17-May,442260.66,620110.22,Fairfield
17-Jun,471510.71,688016.85,Fairfield
17-Jul,438750.66,669160.4,Fairfield
17-Aug,444600.67,675657.5,Fairfield
17-Sep,434655.65,624907.26,Fairfield
17-Oct,397742.1,553744.31,Fairfield
17-Nov,415350.62,616347.83,Fairfield
17-Dec,438692.16,687614.07,Fairfield
18-Jan,388330.15,567657.81,Fairfield
18-Feb,411173.1,652729.96,Fairfield
18-Mar,382619.41,632160.07,Fairfield
18-Apr,415741.69,694218.29,Fairfield
18-May,433901.84,638537.52,Fairfield
18-Jun,476532.49,719199.48,Fairfield
18-Jul,479701.95,728260.72,Fairfield
18-Aug,479701.95,854204.84,Fairfield
18-Sep,411173.1,637166.67,Fairfield
18-Oct,376908.68,546398.79,Fairfield
18-Nov,399751.63,590404.55,Fairfield
18-Dec,411173.1,615166.5,Fairfield
19-Jan,383665.98,566334.67,Fairfield
19-Feb,342158.25,486711.63,Fairfield
19-Mar,381422.32,551261.9,Fairfield
19-Apr,394884.28,589863.2,Fairfield
19-May,420686.38,621011.73,Fairfield
19-Jun,457145.86,681467.59,Fairfield
19-Jul,448732.14,639998.14,Fairfield
19-Aug,448732.14,658943.21,Fairfield
19-Sep,409468.07,591209.61,Fairfield
19-Oct,380861.4,544135.11,Fairfield
19-Nov,398249.77,611127.78,Fairfield
19-Dec,415077.23,583343.52,Fairfield
20-Jan,398878.91,628155.09,Fairfield
20-Feb,376718.97,535472.9,Fairfield
20-Mar,415498.87,587712.86,Fairfield
20-Apr,421038.85,558683.72,Fairfield
20-May,463696.74,678169.05,Fairfield
20-Jun,516326.6,812098.96,Fairfield
20-Jul,576158.43,844661.05,Fairfield
20-Aug,583914.4,873383.34,Fairfield
20-Sep,569510.45,877096.38,Fairfield
20-Oct,542918.5,801842.07,Fairfield
20-Nov,512448.6,761558.39,Fairfield
20-Dec,544026.5,818193.68,Fairfield
21-Jan,465170.4,649367.17,Fairfield
21-Feb,467816.4,761694.09,Fairfield
21-Mar,470991.6,746335.24,Fairfield
21-Apr,486761.9,806382.13,Fairfield
21-May,554605.9,899244.29,Fairfield
21-Jun,571540.4,892450.26,Fairfield
21-Jul,582124.5,938128.29,Fairfield
21-Aug,555664.3,857749.84,Fairfield
21-Sep,480517.3,733191.08,Fairfield
21-Oct,476283.7,715522.18,Fairfield
21-Nov,465699.6,728675.4,Fairfield
21-Dec,497451.8,749369.46,Fairfield
22-Jan,428000,688525.78,Fairfield
22-Feb,418000,662587.31,Fairfield
22-Mar,450000,700287.02,Fairfield
22-Apr,490000,766708.64,Fairfield
22-May,511500,774102.4,Fairfield
22-Jun,569000,908726.87,Fairfield
22-Jul,575000,859694.83,Fairfield
22-Aug,545000,874709.65,Fairfield
22-Sep,510000,739345.67,Fairfield
22-Oct,485000,705269.99,Fairfield
1-Jan,204918.92,238425.89,Hartford
1-Feb,210588.62,254943.84,Hartford
1-Mar,205728.88,246246.94,Hartford
1-Apr,218688.18,258598.18,Hartford
1-May,214962.38,254276.74,Hartford
1-Jun,221928.01,263128.44,Hartford
1-Jul,226787.74,270048.51,Hartford
1-Aug,234887.31,279830.34,Hartford
1-Sep,226787.74,260205.37,Hartford
1-Oct,226787.74,261441.01,Hartford
1-Nov,226787.74,266665.35,Hartford
1-Dec,223547.92,256408.87,Hartford
2-Jan,223066.35,267167.19,Hartford
2-Feb,207281.1,251306.64,Hartford
2-Mar,223066.35,270639.44,Hartford
2-Apr,215253.45,253080,Hartford
2-May,227052.52,266741.62,Hartford
2-Jun,239170.5,295993.74,Hartford
2-Jul,246345.61,296424.78,Hartford
2-Aug,261493.08,309074.95,Hartford
2-Sep,247142.85,295923.49,Hartford
2-Oct,243953.91,282996.94,Hartford
2-Nov,247142.85,290855.57,Hartford
2-Dec,239170.5,275162.7,Hartford
3-Jan,233797.83,283079.05,Hartford
3-Feb,231459.85,263847.02,Hartford
3-Mar,227563.22,271235.3,Hartford
3-Apr,241591.09,280467.38,Hartford
3-May,249384.35,291343.22,Hartford
3-Jun,257177.61,316573.45,Hartford
3-Jul,272764.13,339796.69,Hartford
3-Aug,272296.53,331254.61,Hartford
3-Sep,261463.9,310668.04,Hartford
3-Oct,258736.26,306627.75,Hartford
3-Nov,264815,313575.59,Hartford
3-Dec,264970.87,301607.09,Hartford
4-Jan,248977.31,298150.71,Hartford
4-Feb,250495.46,300222.36,Hartford
4-Mar,258086.23,296084.88,Hartford
4-Apr,262640.7,309124.87,Hartford
4-May,273267.78,315625.29,Hartford
4-Jun,280858.55,329285.07,Hartford
4-Jul,296040.09,357189.62,Hartford
4-Aug,296040.09,355625.26,Hartford
4-Sep,280858.55,328070.84,Hartford
4-Oct,280858.55,321392.01,Hartford
4-Nov,287614.33,328481.16,Hartford
4-Dec,288449.32,332218.89,Hartford
5-Jan,276119.3,318486.85,Hartford
5-Feb,271713.14,320943.73,Hartford
5-Mar,274283.4,310142.08,Hartford
5-Apr,281994.18,327160.04,Hartford
5-May,286400.34,327502.79,Hartford
5-Jun,308431.14,355993.32,Hartford
5-Jul,317243.46,367747.59,Hartford
5-Aug,330461.93,368577.05,Hartford
5-Sep,308431.14,346644.22,Hartford
5-Oct,314306.02,355690.65,Hartford
5-Nov,311368.58,346882.12,Hartford
5-Dec,315774.74,356168.46,Hartford
6-Jan,293111.93,333019.29,Hartford
6-Feb,298803.42,330351.5,Hartford
6-Mar,301649.17,345612.48,Hartford
6-Apr,305917.79,337746.4,Hartford
6-May,313032.16,343791.42,Hartford
6-Jun,320786.82,364620.57,Hartford
6-Jul,327260.89,380686.62,Hartford
6-Aug,320146.52,367589.63,Hartford
6-Sep,320146.52,360186.06,Hartford
6-Oct,310186.41,343979.08,Hartford
6-Nov,313032.16,343934.48,Hartford
6-Dec,302360.61,342811.84,Hartford
7-Jan,297381.31,340353.67,Hartford
7-Feb,302222.4,345122.67,Hartford
7-Mar,311213,367099.89,Hartford
7-Apr,304297.15,334287.01,Hartford
7-May,303252.86,338408.69,Hartford
7-Jun,320895.18,378264.04,Hartford
7-Jul,328502.61,389403.56,Hartford
7-Aug,328848.4,379559.71,Hartford
7-Sep,311213,341470.45,Hartford
7-Oct,304297.15,346956.53,Hartford
7-Nov,301530.82,352421.5,Hartford
7-Dec,290465.47,346973.05,Hartford
8-Jan,269132.82,321011.95,Hartford
8-Feb,266468.14,314567.83,Hartford
8-Mar,289117.93,327710.56,Hartford
8-Apr,283788.57,327077.67,Hartford
8-May,273129.85,321117.52,Hartford
8-Jun,299776.66,354359.73,Hartford
8-Jul,301109,357457.29,Hartford
8-Aug,302441.34,365809.79,Hartford
8-Sep,282789.32,329597.14,Hartford
8-Oct,266468.14,315664.93,Hartford
8-Nov,271797.5,328386.84,Hartford
8-Dec,252411.95,293969.52,Hartford
9-Jan,247275.2,287082.17,Hartford
9-Feb,243265.33,291854.05,Hartford
9-Mar,247943.51,276118.68,Hartford
9-Apr,240592.08,291953.55,Hartford
9-May,260641.42,300220.12,Hartford
9-Jun,288042.19,338401.08,Hartford
9-Jul,276680.89,319526.36,Hartford
9-Aug,277349.21,323657.08,Hartford
9-Sep,260641.42,301434.11,Hartford
9-Oct,256631.55,297013.09,Hartford
9-Nov,260641.42,300846.42,Hartford
9-Dec,259638.96,305003,Hartford
10-Jan,244608.63,287078.12,Hartford
10-Feb,239019.45,288792.96,Hartford
10-Mar,249869.03,284201.34,Hartford
10-Apr,245923.73,285384.67,Hartford
10-May,261704.93,293020.19,Hartford
10-Jun,282746.53,321635.54,Hartford
10-Jul,269595.53,314319.86,Hartford
10-Aug,273540.83,323771.63,Hartford
10-Sep,249869.03,298092,Hartford
10-Oct,263283.05,328017.3,Hartford
10-Nov,272225.73,315436.42,Hartford
10-Dec,257906.92,301880.31,Hartford
11-Jan,229512.14,274911.72,Hartford
11-Feb,223614.96,271581.52,Hartford
11-Mar,224411.87,260629.05,Hartford
11-Apr,235823.73,299300.66,Hartford
11-May,243537.89,310069.9,Hartford
11-Jun,261388.83,325105.48,Hartford
11-Jul,265851.57,310901.28,Hartford
11-Aug,262663.9,314235.17,Hartford
11-Sep,239712.68,285731.2,Hartford
11-Oct,239393.92,280882.53,Hartford
11-Nov,240987.75,286758.91,Hartford
11-Dec,229512.14,278448.88,Hartford
12-Jan,212358.86,256177.25,Hartford
12-Feb,201428.63,241338.29,Hartford
12-Mar,218604.71,263390.69,Hartford
12-Apr,226099.73,265401.65,Hartford
12-May,231721,287173.19,Hartford
12-Jun,252332.3,309422.95,Hartford
12-Jul,256017.35,300265.36,Hartford
12-Aug,254643.26,297272.14,Hartford
12-Sep,226099.73,281892.78,Hartford
12-Oct,237217.34,281623.85,Hartford
12-Nov,221727.64,267542.81,Hartford
12-Dec,237342.26,286960.12,Hartford
13-Jan,221601.94,251297.18,Hartford
13-Feb,198826.19,238656.53,Hartford
13-Mar,206828.48,253263.71,Hartford
13-Apr,222833.06,261871.87,Hartford
13-May,231820.25,272004.07,Hartford
13-Jun,252379.99,296792.71,Hartford
13-Jul,255457.79,306297.54,Hartford
13-Aug,248071.06,308529.34,Hartford
13-Sep,224064.18,268563.14,Hartford
13-Oct,227757.55,275049.84,Hartford
13-Nov,228311.56,273324.16,Hartford
13-Dec,215446.33,265967.45,Hartford
14-Jan,205963.46,242953.24,Hartford
14-Feb,198694.16,243059.92,Hartford
14-Mar,205963.46,254703.94,Hartford
14-Apr,221653.03,292293.69,Hartford
14-May,220502.06,278859.18,Hartford
14-Jun,242309.95,329136.22,Hartford
14-Jul,238675.3,291709.49,Hartford
14-Aug,240946.96,297608.1,Hartford
14-Sep,224136.7,279372.96,Hartford
14-Oct,218078.96,265406.22,Hartford
14-Nov,224136.7,267726.59,Hartford
14-Dec,214444.31,254632.56,Hartford
15-Jan,193552.92,232918.2,Hartford
15-Feb,199663.84,261350.78,Hartford
15-Mar,217815.1,251296.62,Hartford
15-Apr,216605.02,255368.34,Hartford
15-May,220840.31,262363.27,Hartford
15-Jun,254117.62,297543.89,Hartford
15-Jul,236752.91,276799.24,Hartford
15-Aug,235240.31,285094.47,Hartford
15-Sep,229915.94,265692.31,Hartford
15-Oct,208739.47,252890.7,Hartford
15-Nov,211764.68,257359.22,Hartford
15-Dec,215912.85,255498.8,Hartford
16-Jan,202482.53,230988.67,Hartford
16-Feb,199853.66,233216.2,Hartford
16-Mar,209114.45,251115.61,Hartford
16-Apr,215089.15,257194.94,Hartford
16-May,233013.24,273354.28,Hartford
16-Jun,238868.45,320331.25,Hartford
16-Jul,244962.64,285716.76,Hartford
16-Aug,244962.64,289926.32,Hartford
16-Sep,233013.24,270038.98,Hartford
16-Oct,233013.24,338438.27,Hartford
16-Nov,215925.6,247554,Hartford
16-Dec,221063.84,254628.18,Hartford
17-Jan,210600.32,264257.5,Hartford
17-Feb,202644.3,290839.39,Hartford
17-Mar,205920.31,234935.77,Hartford
17-Apr,211243.82,244720.33,Hartford
17-May,228150.34,261363.45,Hartford
17-Jun,239850.36,275533.79,Hartford
17-Jul,245700.37,285642.3,Hartford
17-Aug,234000.35,284489.94,Hartford
17-Sep,228540.54,259500.95,Hartford
17-Oct,224640.34,259890.31,Hartford
17-Nov,228150.34,255279.89,Hartford
17-Dec,222300.33,255181.24,Hartford
18-Jan,197020.44,230891.65,Hartford
18-Feb,195604.18,221164.67,Hartford
18-Mar,212153.9,247415.78,Hartford
18-Apr,217008.03,252846.6,Hartford
18-May,228429.5,262450.08,Hartford
18-Jun,251272.45,280264.42,Hartford
18-Jul,256868.97,294875.58,Hartford
18-Aug,244419.57,284922.84,Hartford
18-Sep,207870.85,243915.05,Hartford
18-Oct,217008.03,250854.08,Hartford
18-Nov,210440.68,253044.54,Hartford
18-Dec,225003.06,261453.88,Hartford
19-Jan,196320.31,231831.77,Hartford
19-Feb,201929.46,223610.3,Hartford
19-Mar,213147.76,246334.14,Hartford
19-Apr,224366.07,252639.72,Hartford
19-May,231097.05,263071.57,Hartford
19-Jun,243437.18,275271.37,Hartford
19-Jul,252411.83,290471.67,Hartford
19-Aug,241193.52,271852.92,Hartford
19-Sep,229975.22,264835.77,Hartford
19-Oct,234462.54,256104.02,Hartford
19-Nov,221000.58,249847.78,Hartford
19-Dec,224366.07,253723.2,Hartford
20-Jan,216059.41,247809.82,Hartford
20-Feb,207749.43,234651.23,Hartford
20-Mar,227139.38,248927.39,Hartford
20-Apr,248191.32,268348.37,Hartford
20-May,243759.34,273661.41,Hartford
20-Jun,254839.3,287181.72,Hartford
20-Jul,262484.5,290018.82,Hartford
20-Aug,271403.9,306050.54,Hartford
20-Sep,264811.3,298505.97,Hartford
20-Oct,271459.3,294412.44,Hartford
20-Nov,260379.3,289906.88,Hartford
20-Dec,260379.3,303906.72,Hartford
21-Jan,245286.1,280284.71,Hartford
21-Feb,238141.8,263796.13,Hartford
21-Mar,243433.9,272931.38,Hartford
21-Apr,255076.4,293072.84,Hartford
21-May,264602,305034.34,Hartford
21-Jun,275186.1,315118.55,Hartford
21-Jul,283653.4,322497.39,Hartford
21-Aug,293179.1,333010.1,Hartford
21-Sep,273069.3,303521.67,Hartford
21-Oct,264602,306663.03,Hartford
21-Nov,274127.7,300767.08,Hartford
21-Dec,269894.1,302911.33,Hartford
22-Jan,247750,266498.85,Hartford
22-Feb,247000,270960.73,Hartford
22-Mar,241000,271746.18,Hartford
22-Apr,270000,300980.53,Hartford
22-May,282000,323094.84,Hartford
22-Jun,290000,336313.35,Hartford
22-Jul,290000,335284.53,Hartford
22-Aug,290000,338625.64,Hartford
22-Sep,280000,324348.11,Hartford
22-Oct,280000,316926.28,Hartford
1-Jan,218688.18,306676.14,Litchfield
1-Feb,205566.89,318415.67,Litchfield
1-Mar,212208.53,313218.81,Litchfield
1-Apr,226787.74,292300.15,Litchfield
1-May,221928.01,313448.42,Litchfield
1-Jun,245376.24,307868.48,Litchfield
1-Jul,246226.69,299439.07,Litchfield
1-Aug,248656.56,363656.08,Litchfield
1-Sep,228124.17,300346.89,Litchfield
1-Oct,226787.74,276170.95,Litchfield
1-Nov,223547.92,303628.53,Litchfield
1-Dec,242986.87,325261.29,Litchfield
2-Jan,226813.35,319066.65,Litchfield
2-Feb,236778.79,336677.58,Litchfield
2-Mar,250331.79,323349.08,Litchfield
2-Apr,230002.29,296338.59,Litchfield
2-May,235981.56,330192.28,Litchfield
2-Jun,243953.91,303416.35,Litchfield
2-Jul,242359.44,333837.37,Litchfield
2-Aug,255115.2,323200.8,Litchfield
2-Sep,247142.85,322573.51,Litchfield
2-Oct,253441,325420.98,Litchfield
2-Nov,239170.5,313400.03,Litchfield
2-Dec,263087.55,382445.08,Litchfield
3-Jan,264191.54,356045.42,Litchfield
3-Feb,245643.58,298791.09,Litchfield
3-Mar,230680.52,313477.41,Litchfield
3-Apr,238863.45,318136.71,Litchfield
3-May,257177.61,358706.22,Litchfield
3-Jun,256398.28,344995.1,Litchfield
3-Jul,280557.39,356840.83,Litchfield
3-Aug,290688.63,362106.48,Litchfield
3-Sep,288350.65,373995.22,Litchfield
3-Oct,277120.56,343243.65,Litchfield
3-Nov,296143.91,376970.12,Litchfield
3-Dec,268088.17,322566.63,Litchfield
4-Jan,296040.09,342179.56,Litchfield
4-Feb,258086.23,382844.04,Litchfield
4-Mar,291106.09,366700.87,Litchfield
4-Apr,297558.24,399461.14,Litchfield
4-May,294521.94,386518.42,Litchfield
4-Jun,289398.16,396670.7,Litchfield
4-Jul,322607.79,395985.46,Litchfield
4-Aug,303554.95,378111.13,Litchfield
4-Sep,296040.09,407460.51,Litchfield
4-Oct,303630.86,395334.18,Litchfield
4-Nov,303630.86,374109.95,Litchfield
4-Dec,288449.32,398223.84,Litchfield
5-Jan,315774.74,418601.49,Litchfield
5-Feb,273916.22,417867.12,Litchfield
5-Mar,280305.15,395009.23,Litchfield
5-Apr,309532.68,415059.25,Litchfield
5-May,323118.33,410802.6,Litchfield
5-Jun,345149.13,421870.38,Litchfield
5-Jul,341734.36,440514.78,Litchfield
5-Aug,345149.13,414528.93,Litchfield
5-Sep,348086.57,449595.57,Litchfield
5-Oct,351391.19,465104.64,Litchfield
5-Nov,359836.33,475936.06,Litchfield
5-Dec,328846.34,422053.55,Litchfield
6-Jan,338501.59,438631.78,Litchfield
6-Feb,311609.28,417055.83,Litchfield
6-Mar,320146.52,389556.77,Litchfield
6-Apr,304494.92,372996.4,Litchfield
6-May,321569.4,409681.12,Litchfield
6-Jun,353584.05,396787.75,Litchfield
6-Jul,305917.79,375529.93,Litchfield
6-Aug,327260.89,423579.29,Litchfield
6-Sep,326549.46,429954.67,Litchfield
6-Oct,327260.89,419679.41,Litchfield
6-Nov,318723.65,429513.26,Litchfield
6-Dec,317300.78,449258.44,Litchfield
7-Jan,338876.38,457805.08,Litchfield
7-Feb,275942.19,381506.59,Litchfield
7-Mar,309276.56,386012.44,Litchfield
7-Apr,332652.12,404924.3,Litchfield
7-May,345792.22,442203.37,Litchfield
7-Jun,357480,444388.91,Litchfield
7-Jul,340121.23,437187.09,Litchfield
7-Aug,336110.04,424754.88,Litchfield
7-Sep,307063.49,406761.31,Litchfield
7-Oct,292194.43,412455.08,Litchfield
7-Nov,297381.31,411028.15,Litchfield
7-Dec,260600.08,333593.37,Litchfield
8-Jan,292049.08,405990.92,Litchfield
8-Feb,326423.47,404221.46,Litchfield
8-Mar,352404.12,431540.69,Litchfield
8-Apr,291782.62,369928.84,Litchfield
8-May,299776.66,395203.24,Litchfield
8-Jun,275128.36,367270.7,Litchfield
8-Jul,288285.22,372613.75,Litchfield
8-Aug,278792.29,371447.41,Litchfield
8-Sep,291782.62,345879.9,Litchfield
8-Oct,283122.4,432874.91,Litchfield
8-Nov,257141.76,302714.4,Litchfield
8-Dec,227830.26,289781.54,Litchfield
9-Jan,241880.59,311956.28,Litchfield
9-Feb,216216.09,327475.7,Litchfield
9-Mar,247275.2,334313.67,Litchfield
9-Apr,215196.25,270269.61,Litchfield
9-May,253958.31,307493.3,Litchfield
9-Jun,294056.99,349507.91,Litchfield
9-Jul,277349.21,396737.54,Litchfield
9-Aug,255294.93,352475.49,Litchfield
9-Sep,279287.31,360862.08,Litchfield
9-Oct,274007.65,352764.66,Litchfield
9-Nov,244601.95,371210.44,Litchfield
9-Dec,247275.2,325690.69,Litchfield
10-Jan,252170.45,367820.5,Litchfield
10-Feb,221923.15,580554.78,Litchfield
10-Mar,251841.68,428740.07,Litchfield
10-Apr,241978.43,346379.26,Litchfield
10-May,271502.43,373438.28,Litchfield
10-Jun,255786.98,380349.32,Litchfield
10-Jul,231128.85,342568.04,Litchfield
10-Aug,284061.63,392938.7,Litchfield
10-Sep,293924.88,405267.8,Litchfield
10-Oct,253156.78,390592.26,Litchfield
10-Nov,255129.43,415044.34,Litchfield
10-Dec,248553.93,345521.57,Litchfield
11-Jan,255013.49,478584.74,Litchfield
11-Feb,239075.15,380744.28,Litchfield
11-Mar,237736.33,362249.56,Litchfield
11-Apr,248638.16,302822.52,Litchfield
11-May,248574.4,365696.92,Litchfield
11-Jun,256288.56,319138.07,Litchfield
11-Jul,280514.84,331311.31,Litchfield
11-Aug,232699.81,331393.73,Litchfield
11-Sep,219885.38,291822.31,Litchfield
11-Oct,228237.08,312235.24,Litchfield
11-Nov,247044.32,327640.69,Litchfield
11-Dec,220395.41,290369.71,Litchfield
12-Jan,202677.8,332475.46,Litchfield
12-Feb,202990.09,262337.1,Litchfield
12-Mar,187375.47,246664.15,Litchfield
12-Apr,214388.77,280054.83,Litchfield
12-May,249833.96,328842.43,Litchfield
12-Jun,231096.41,306594.23,Litchfield
12-Jul,221727.64,301017.87,Litchfield
12-Aug,242963.52,296557.99,Litchfield
12-Sep,212358.86,291679.31,Litchfield
12-Oct,224725.65,281316.76,Litchfield
12-Nov,206737.6,318315.71,Litchfield
12-Dec,210734.94,317045.89,Litchfield
13-Jan,211752.97,259480.69,Litchfield
13-Feb,200672.87,271537.54,Litchfield
13-Mar,201903.99,280634,Litchfield
13-Apr,212368.53,267666.73,Litchfield
13-May,233913.16,317892.25,Litchfield
13-Jun,232004.92,360166.76,Litchfield
13-Jul,242838.79,390107.37,Litchfield
13-Aug,263152.31,358295.21,Litchfield
13-Sep,233297.6,330936.13,Litchfield
13-Oct,208059.6,303397.6,Litchfield
13-Nov,227757.55,330371.84,Litchfield
13-Dec,217293.01,320112.41,Litchfield
14-Jan,195786.44,270622.62,Litchfield
14-Feb,191424.86,267826.99,Litchfield
14-Mar,224136.7,320452.77,Litchfield
14-Apr,193847.96,260390.47,Litchfield
14-May,228255.97,317280.83,Litchfield
14-Jun,251093.69,326176.78,Litchfield
14-Jul,215655.86,306972.12,Litchfield
14-Aug,230194.45,282032.41,Litchfield
14-Sep,227771.35,335410.96,Litchfield
14-Oct,212021.21,312466.65,Litchfield
14-Nov,207780.78,316970.84,Litchfield
14-Dec,213232.76,354661.1,Litchfield
15-Jan,185142.84,242737.19,Litchfield
15-Feb,171771.41,328594.88,Litchfield
15-Mar,200268.88,319345.78,Litchfield
15-Apr,194823.51,285363.27,Litchfield
15-May,238386.53,311966.07,Litchfield
15-Jun,225831.91,357333.83,Litchfield
15-Jul,234756.28,285001.2,Litchfield
15-Aug,211704.18,282619.92,Litchfield
15-Sep,217754.6,297007.96,Litchfield
15-Oct,211764.68,271414.35,Litchfield
15-Nov,207529.39,358060.66,Litchfield
15-Dec,212974.76,315957.46,Litchfield
16-Jan,197105.3,296333.37,Litchfield
16-Feb,184618.18,230221.78,Litchfield
16-Mar,197165.05,258095.14,Litchfield
16-Apr,209114.45,277672.87,Litchfield
16-May,223453.72,342575.36,Litchfield
16-Jun,227038.54,309225.32,Litchfield
16-Jul,244365.17,327335.48,Litchfield
16-Aug,237793,314444.69,Litchfield
16-Sep,222258.78,292248.69,Litchfield
16-Oct,220466.37,292966.81,Litchfield
16-Nov,213296.74,301013.66,Litchfield
16-Dec,212101.8,292531.99,Litchfield
17-Jan,196560.29,337991.62,Litchfield
17-Feb,215865.32,272095.85,Litchfield
17-Mar,193050.29,268450.94,Litchfield
17-Apr,221715.33,348209.1,Litchfield
17-May,215932.6,281538.14,Litchfield
17-Jun,213525.32,274669.08,Litchfield
17-Jul,234000.35,287787.14,Litchfield
17-Aug,239733.36,300273.44,Litchfield
17-Sep,202410.3,248164.89,Litchfield
17-Oct,257283.39,343253.71,Litchfield
17-Nov,234000.35,289255.84,Litchfield
17-Dec,224640.34,271927.5,Litchfield
18-Jan,201303.5,238398.18,Litchfield
18-Feb,184285.5,265736.07,Litchfield
18-Mar,179831.12,226595.74,Litchfield
18-Apr,208441.92,251720.59,Litchfield
18-May,225859.67,296417.03,Litchfield
18-Jun,229229,339276.87,Litchfield
18-Jul,246132.79,299877.01,Litchfield
18-Aug,225602.68,275133.47,Litchfield
18-Sep,225003.06,265242.51,Litchfield
18-Oct,226145.21,301385.57,Litchfield
18-Nov,199875.81,275713.56,Litchfield
18-Dec,211525.72,288640.43,Litchfield
19-Jan,195703.3,306003.16,Litchfield
19-Feb,168274.55,213694.62,Litchfield
19-Mar,196320.31,258065.28,Litchfield
19-Apr,200807.63,367921.2,Litchfield
19-May,213147.76,274742.17,Litchfield
19-Jun,241193.52,292455.88,Litchfield
19-Jul,236821.75,293740.96,Litchfield
19-Aug,235584.37,281212.77,Litchfield
19-Sep,222122.41,281361.54,Litchfield
19-Oct,213147.76,294304.44,Litchfield
19-Nov,229975.22,301068.08,Litchfield
19-Dec,253253.2,299824.42,Litchfield
20-Jan,208303.43,295848.18,Litchfield
20-Feb,206087.44,260829.37,Litchfield
20-Mar,210519.43,294457,Litchfield
20-Apr,259271.29,384463.79,Litchfield
20-May,250684.32,336452.21,Litchfield
20-Jun,276999.2,422268.83,Litchfield
20-Jul,281730.95,352066.09,Litchfield
20-Aug,285752.4,399353.63,Litchfield
20-Sep,290849.2,405284.41,Litchfield
20-Oct,296666.2,402419.74,Litchfield
20-Nov,268689.3,379811.77,Litchfield
20-Dec,288079.2,394013.16,Litchfield
21-Jan,248725.9,382925.21,Litchfield
21-Feb,262485.2,333936.52,Litchfield
21-Mar,229992.1,328762.49,Litchfield
21-Apr,259310,327043.22,Litchfield
21-May,264602,416899.05,Litchfield
21-Jun,261426.8,363117.77,Litchfield
21-Jul,280478.2,367502.51,Litchfield
21-Aug,275186.1,355736.2,Litchfield
21-Sep,267248.1,372894.2,Litchfield
21-Oct,272010.9,330779.85,Litchfield
21-Nov,273069.3,338621.25,Litchfield
21-Dec,264496.2,356218.62,Litchfield
22-Jan,241000,302974.45,Litchfield
22-Feb,251000,329263.41,Litchfield
22-Mar,250000,353393.07,Litchfield
22-Apr,253500,376545.33,Litchfield
22-May,260000,326530.31,Litchfield
22-Jun,270000,346790.96,Litchfield
22-Jul,285000,408192.85,Litchfield
22-Aug,281000,367241.39,Litchfield
22-Sep,285500,342358.37,Litchfield
22-Oct,263500,367892.88,Litchfield
1-Jan,241363.72,272237.43,Middlesex
1-Feb,210588.62,258515.99,Middlesex
1-Mar,257566.08,263802.12,Middlesex
1-Apr,242986.87,273192.06,Middlesex
1-May,242824.88,269242.49,Middlesex
1-Jun,252706.34,294307.58,Middlesex
1-Jul,242986.87,273468.24,Middlesex
1-Aug,251896.39,286992.89,Middlesex
1-Sep,275385.12,317547.49,Middlesex
1-Oct,242986.87,277818.4,Middlesex
1-Nov,254326.25,318919.14,Middlesex
1-Dec,242986.87,306464.58,Middlesex
2-Jan,247142.85,265415.61,Middlesex
2-Feb,235582.94,284586.84,Middlesex
2-Mar,269465.43,335195.01,Middlesex
2-Apr,234387.09,279850.5,Middlesex
2-May,263087.55,296732.16,Middlesex
2-Jun,271059.9,314712.44,Middlesex
2-Jul,275046.07,328063.23,Middlesex
2-Aug,284612.89,363767.48,Middlesex
2-Sep,310124.41,372140.95,Middlesex
2-Oct,285410.13,338460.29,Middlesex
2-Nov,259101.37,296447.4,Middlesex
2-Dec,294976.95,352827.82,Middlesex
3-Jan,233797.83,288758.95,Middlesex
3-Feb,241591.09,288792.13,Middlesex
3-Mar,294429.4,312145.6,Middlesex
3-Apr,297858.43,341902.88,Middlesex
3-May,280401.53,347045.24,Middlesex
3-Jun,319523.7,382666.27,Middlesex
3-Jul,299261.22,352348.75,Middlesex
3-Aug,327316.96,372451.07,Middlesex
3-Sep,303937.17,353562.6,Middlesex
3-Oct,311730.43,382782.58,Middlesex
3-Nov,303937.17,367635.98,Middlesex
3-Dec,310501.44,341329.12,Middlesex
4-Jan,285413.01,377672.41,Middlesex
4-Feb,280858.55,411950.67,Middlesex
4-Mar,321013.73,351792.48,Middlesex
4-Apr,335891.64,380999.59,Middlesex
4-May,352211.8,397823.21,Middlesex
4-Jun,344621.03,402570.5,Middlesex
4-Jul,371795.99,440664.32,Middlesex
4-Aug,360561.65,429710.58,Middlesex
4-Sep,351073.18,408814.52,Middlesex
4-Oct,341584.72,401157.09,Middlesex
4-Nov,368911.5,412303.85,Middlesex
4-Dec,318812.4,394123.66,Middlesex
5-Jan,333986.86,383617.76,Middlesex
5-Feb,342211.69,353953.39,Middlesex
5-Mar,302923.44,348672.39,Middlesex
5-Apr,327524.49,360671.2,Middlesex
5-May,350289.65,403345.46,Middlesex
5-Jun,384562.22,430297.19,Middlesex
5-Jul,375257.88,421143.34,Middlesex
5-Aug,374523.52,419546.66,Middlesex
5-Sep,385906.1,440185.56,Middlesex
5-Oct,367179.92,429042.78,Middlesex
5-Nov,358000.43,408293.83,Middlesex
5-Dec,381867.12,442270.73,Middlesex
6-Jan,355576.07,403526.32,Middlesex
6-Feb,362832.73,413258.23,Middlesex
6-Mar,352872.61,405424.6,Middlesex
6-Apr,355718.36,402889.43,Middlesex
6-May,341489.63,400252,Middlesex
6-Jun,369947.1,443188.63,Middlesex
6-Jul,392001.63,464274.37,Middlesex
6-Aug,334375.26,378784.26,Middlesex
6-Sep,398262.28,471376.88,Middlesex
6-Oct,361409.85,427119.73,Middlesex
6-Nov,396199.11,421855.56,Middlesex
6-Dec,383464.39,448870.62,Middlesex
7-Jan,346483.81,405648.8,Middlesex
7-Feb,345792.22,434196.45,Middlesex
7-Mar,338876.38,406069.63,Middlesex
7-Apr,381754.61,420240.85,Middlesex
7-May,335764.25,431392.66,Middlesex
7-Jun,401118.98,462087.96,Middlesex
7-Jul,345792.22,409213.08,Middlesex
7-Aug,398352.64,479889.5,Middlesex
7-Sep,337493.21,415381.76,Middlesex
7-Oct,380371.44,408423.75,Middlesex
7-Nov,341642.71,405987.6,Middlesex
7-Dec,364810.79,415839.85,Middlesex
8-Jan,333085.18,389201.61,Middlesex
8-Feb,304772.94,343554.63,Middlesex
8-Mar,346408.58,372713.34,Middlesex
8-Apr,353070.29,417033.42,Middlesex
8-May,313100.07,396649.93,Middlesex
8-Jun,340746.14,360168.83,Middlesex
8-Jul,338281.31,384410.46,Middlesex
8-Aug,343743.9,384592.62,Middlesex
8-Sep,326423.47,442794.29,Middlesex
8-Oct,330420.5,381885.48,Middlesex
8-Nov,305972.04,343205.21,Middlesex
8-Dec,293114.96,351835.04,Middlesex
9-Jan,263916.15,297593.53,Middlesex
9-Feb,284700.63,319329.9,Middlesex
9-Mar,280690.76,296996.74,Middlesex
9-Apr,310764.77,345745.05,Middlesex
9-May,294725.3,335472.51,Middlesex
9-Jun,314239.99,427432.39,Middlesex
9-Jul,317447.89,360056.89,Middlesex
9-Aug,310764.77,373575.52,Middlesex
9-Sep,300740.1,370990.56,Middlesex
9-Oct,294056.99,359277.92,Middlesex
9-Nov,311433.08,363242.53,Middlesex
9-Dec,307423.22,404406.28,Middlesex
10-Jan,286034.28,327308.98,Middlesex
10-Feb,328117.49,387618.81,Middlesex
10-Mar,289322.03,334324.51,Middlesex
10-Apr,276105.28,329469.67,Middlesex
10-May,301486.71,360016.34,Middlesex
10-Jun,310363.64,338062.64,Middlesex
10-Jul,302473.04,356159.19,Middlesex
10-Aug,315624.04,338608.47,Middlesex
10-Sep,295897.53,373501.09,Middlesex
10-Oct,269595.53,308520.81,Middlesex
10-Nov,331405.24,397375.69,Middlesex
10-Dec,309048.54,355628.66,Middlesex
11-Jan,280514.84,369115.67,Middlesex
11-Feb,306016.19,397739.97,Middlesex
11-Mar,325142.2,361291.21,Middlesex
11-Apr,274777.04,354974.83,Middlesex
11-May,334067.68,393129.97,Middlesex
11-Jun,350643.55,443812.84,Middlesex
11-Jul,316216.73,364386.09,Middlesex
11-Aug,285296.35,315566.48,Middlesex
11-Sep,302764.77,334895.42,Middlesex
11-Oct,274139.51,317518.31,Middlesex
11-Nov,284340.05,316133.7,Middlesex
11-Dec,267764.17,314564.63,Middlesex
12-Jan,235780.8,287394.1,Middlesex
12-Feb,299800.75,345683.1,Middlesex
12-Mar,289807.39,332382,Middlesex
12-Apr,243588.11,302763.72,Middlesex
12-May,318413.38,339664.5,Middlesex
12-Jun,297302.41,400718.97,Middlesex
12-Jul,309169.52,349024.29,Middlesex
12-Aug,274817.35,311683.94,Middlesex
12-Sep,262200.74,310792.7,Middlesex
12-Oct,288183.47,319987.68,Middlesex
12-Nov,259202.73,302195.15,Middlesex
12-Dec,261326.32,334837.95,Middlesex
13-Jan,243454.35,286267.9,Middlesex
13-Feb,240068.77,278541.68,Middlesex
13-Mar,252379.99,283039.73,Middlesex
13-Apr,295346.14,325565.69,Middlesex
13-May,252379.99,334187.62,Middlesex
13-Jun,294669.03,323613.32,Middlesex
13-Jul,277002.43,316799.19,Middlesex
13-Aug,326247.3,376810.19,Middlesex
13-Sep,283158.04,309638.23,Middlesex
13-Oct,263460.09,322997.4,Middlesex
13-Nov,273924.62,353552.19,Middlesex
13-Dec,249917.74,297450.81,Middlesex
14-Jan,268964.05,300752.36,Middlesex
14-Feb,270478.48,291310.32,Middlesex
14-Mar,248367.7,295699.66,Middlesex
14-Apr,265329.4,291990.35,Middlesex
14-May,269266.93,303765.73,Middlesex
14-Jun,288348.84,312560.48,Middlesex
14-Jul,284714.19,320659.97,Middlesex
14-Aug,284714.19,311374.79,Middlesex
14-Sep,268055.38,334096.71,Middlesex
14-Oct,263512.07,311233.35,Middlesex
14-Nov,278656.44,326854.87,Middlesex
14-Dec,246853.26,294822.5,Middlesex
15-Jan,233546.19,321318.55,Middlesex
15-Feb,244981.48,273356.62,Middlesex
15-Mar,248067.2,280157.31,Middlesex
15-Apr,260168.04,298078.49,Middlesex
15-May,278319.3,361205.07,Middlesex
15-Jun,278319.3,308327.03,Middlesex
15-Jul,281284,324313.57,Middlesex
15-Aug,277109.21,307777.27,Middlesex
15-Sep,258280.31,307670.57,Middlesex
15-Oct,266823.5,302560.15,Middlesex
15-Nov,248067.2,284715.13,Middlesex
15-Dec,296168.03,332601.9,Middlesex
16-Jan,259899.38,347785.59,Middlesex
16-Feb,268861.43,294408.13,Middlesex
16-Mar,249443.66,290018.78,Middlesex
16-Apr,256912.03,304274.67,Middlesex
16-May,274836.13,304525.03,Middlesex
16-Jun,322633.72,355180.46,Middlesex
16-Jul,274836.13,306608.33,Middlesex
16-Aug,286785.53,328722.69,Middlesex
16-Sep,284395.65,329678.23,Middlesex
16-Oct,268861.43,304199.06,Middlesex
16-Nov,269936.88,304615.61,Middlesex
16-Dec,244962.64,292446.18,Middlesex
17-Jan,234000.35,273109.81,Middlesex
17-Feb,245407.87,292790.63,Middlesex
17-Mar,270270.41,289072.24,Middlesex
17-Apr,264420.4,270690.96,Middlesex
17-May,270855.41,321259.3,Middlesex
17-Jun,306540.46,322591.13,Middlesex
17-Jul,292500.44,331171.08,Middlesex
17-Aug,310050.46,365928.89,Middlesex
17-Sep,274950.41,329338.52,Middlesex
17-Oct,280800.42,314842.85,Middlesex
17-Nov,254182.88,296425.09,Middlesex
17-Dec,253890.38,327313.82,Middlesex
18-Jan,243277.42,286147.76,Middlesex
18-Feb,250130.3,287661.21,Middlesex
18-Mar,242249.48,275969.6,Middlesex
18-Apr,255841.04,312117.36,Middlesex
18-May,254127.82,321464.05,Middlesex
18-Jun,285536.88,320452.07,Middlesex
18-Jul,277541.84,309130.02,Middlesex
18-Aug,274058.29,306261.72,Middlesex
18-Sep,274115.4,305352.73,Middlesex
18-Oct,262693.93,303129.85,Middlesex
18-Nov,264121.61,309315.89,Middlesex
18-Dec,262693.93,299926.31,Middlesex
19-Jan,252411.83,288344.6,Middlesex
19-Feb,246802.67,290543.08,Middlesex
19-Mar,270753.75,300128.42,Middlesex
19-Apr,269239.28,365762.31,Middlesex
19-May,263630.13,290580.81,Middlesex
19-Jun,291114.97,330238.36,Middlesex
19-Jul,280457.58,312693.66,Middlesex
19-Aug,301996.73,340188.54,Middlesex
19-Sep,274848.43,303759.12,Middlesex
19-Oct,265312.88,332376.21,Middlesex
19-Nov,280401.49,300665.08,Middlesex
19-Dec,266266.43,290586.87,Middlesex
20-Jan,254839.31,290093.55,Middlesex
20-Feb,284644.42,334199.82,Middlesex
20-Mar,260379.29,274752.14,Middlesex
20-Apr,282539.23,291455.29,Middlesex
20-May,283647.23,299658.81,Middlesex
20-Jun,276999.2,323425.42,Middlesex
20-Jul,302483.2,335832.24,Middlesex
20-Aug,296943.2,336831.68,Middlesex
20-Sep,267138.1,326329.97,Middlesex
20-Oct,321319.1,404234.56,Middlesex
20-Nov,326859.1,378968.9,Middlesex
20-Dec,332399.1,385858.59,Middlesex
21-Jan,306879.1,361959.63,Middlesex
21-Feb,275186.1,333314.82,Middlesex
21-Mar,283124.2,354205.02,Middlesex
21-Apr,313288.8,363088.29,Middlesex
21-May,338690.6,386010.82,Middlesex
21-Jun,317522.4,348812.18,Middlesex
21-Jul,312230.4,358098.84,Middlesex
21-Aug,317522.4,377488.38,Middlesex
21-Sep,317522.4,377407.53,Middlesex
21-Oct,304292.35,378534.87,Middlesex
21-Nov,332869.4,369835.15,Middlesex
21-Dec,309584.4,381675.45,Middlesex
22-Jan,262000,304964.38,Middlesex
22-Feb,300000,374942.66,Middlesex
22-Mar,300000,326203.77,Middlesex
22-Apr,271000,338685.99,Middlesex
22-May,277500,308954.22,Middlesex
22-Jun,327000,384468.18,Middlesex
22-Jul,325000,384578,Middlesex
22-Aug,325000,378237.36,Middlesex
22-Sep,325000,362447.26,Middlesex
22-Oct,322500,362170.77,Middlesex
1-Jan,194389.49,250479.73,New Haven
1-Feb,194389.49,220641.96,New Haven
1-Mar,197629.32,236285.35,New Haven
1-Apr,196819.36,231951.83,New Haven
1-May,210588.62,254754.36,New Haven
1-Jun,218688.18,266364.72,New Haven
1-Jul,220308.09,279729.19,New Haven
1-Aug,226625.75,271425.78,New Haven
1-Sep,226625.75,274420.97,New Haven
1-Oct,220308.09,253949.44,New Haven
1-Nov,210669.61,258737.13,New Haven
1-Dec,219093.16,254126.81,New Haven
2-Jan,207281.1,244635.26,New Haven
2-Feb,205686.63,242894.35,New Haven
2-Mar,215253.45,249238.57,New Haven
2-Apr,213579.25,260852.16,New Haven
2-May,218442.39,265989.52,New Haven
2-Jun,239011.05,288561.43,New Haven
2-Jul,239170.5,298098.38,New Haven
2-Aug,243953.91,294314.73,New Haven
2-Sep,243156.67,292746.13,New Haven
2-Oct,235981.56,281839.86,New Haven
2-Nov,239170.5,286705.16,New Haven
2-Dec,239011.05,274559.92,New Haven
3-Jan,226004.57,275811.95,New Haven
3-Feb,226004.57,269560.75,New Haven
3-Mar,238473.78,287258.57,New Haven
3-Apr,239642.77,295998.47,New Haven
3-May,254060.3,303330.97,New Haven
3-Jun,263412.22,322245.94,New Haven
3-Jul,273543.46,344881.57,New Haven
3-Aug,272764.13,332546.37,New Haven
3-Sep,272608.27,343710.34,New Haven
3-Oct,255618.96,305520.85,New Haven
3-Nov,264970.87,312116.42,New Haven
3-Dec,261853.57,315869.14,New Haven
4-Jan,255049.92,303201.01,New Haven
4-Feb,235162.1,280385.84,New Haven
4-Mar,252696.78,302267.67,New Haven
4-Apr,258086.23,315794.01,New Haven
4-May,275545.01,328224.65,New Haven
4-Jun,296040.09,357692.26,New Haven
4-Jul,292244.7,356762.82,New Haven
4-Aug,292851.97,353087.02,New Haven
4-Sep,295053.29,357339.91,New Haven
4-Oct,285413.01,342320.21,New Haven
4-Nov,293003.78,335427.65,New Haven
4-Dec,289208.4,340088.57,New Haven
5-Jan,279056.74,320643.71,New Haven
5-Feb,257025.95,306539.18,New Haven
5-Mar,275384.94,321578.31,New Haven
5-Apr,293743.94,347868.17,New Haven
5-May,308431.14,344768,New Haven
5-Jun,322971.46,366981.13,New Haven
5-Jul,336336.81,401156.65,New Haven
5-Aug,335969.63,386331.22,New Haven
5-Sep,315774.74,368240.78,New Haven
5-Oct,326422.95,370761.76,New Haven
5-Nov,321502.74,377981.23,New Haven
5-Dec,326055.77,357461.42,New Haven
6-Jan,305917.79,360029.42,New Haven
6-Feb,305917.79,350094.58,New Haven
6-Mar,305917.79,364446.71,New Haven
6-Apr,320146.52,367100.29,New Haven
6-May,327260.89,371099.13,New Haven
6-Jun,344335.37,396818.14,New Haven
6-Jul,341489.63,389721.4,New Haven
6-Aug,337221.01,382763.95,New Haven
6-Sep,327260.89,366604.99,New Haven
6-Oct,327260.89,372968.39,New Haven
6-Nov,316233.62,365264.46,New Haven
6-Dec,334375.26,374430.4,New Haven
7-Jan,290465.47,336510.76,New Haven
7-Feb,290465.47,354611.78,New Haven
7-Mar,311213,358449.89,New Haven
7-Apr,315016.71,360457.49,New Haven
7-May,318128.84,370729.75,New Haven
7-Jun,336524.99,421353.1,New Haven
7-Jul,331960.53,397395.8,New Haven
7-Aug,331891.37,394035.72,New Haven
7-Sep,322278.35,370791.04,New Haven
7-Oct,304297.15,356240.54,New Haven
7-Nov,298764.48,347869.38,New Haven
7-Dec,300147.65,377215.54,New Haven
8-Jan,279791.55,320582.51,New Haven
8-Feb,283788.57,327687.25,New Haven
8-Mar,279791.55,320771.08,New Haven
8-Apr,291782.62,323819.02,New Haven
8-May,286453.25,322633.43,New Haven
8-Jun,309103.04,383922.12,New Haven
8-Jul,309103.04,379841.15,New Haven
8-Aug,296445.81,352645.01,New Haven
8-Sep,285258.14,323650.42,New Haven
8-Oct,266468.14,306095.13,New Haven
8-Nov,253144.73,291105.3,New Haven
8-Dec,239873.29,289377.07,New Haven
9-Jan,233908.97,287878.02,New Haven
9-Feb,213859.63,263922.6,New Haven
9-Mar,233908.97,281807.73,New Haven
9-Apr,240224.51,270812.69,New Haven
9-May,253958.31,298252.06,New Haven
9-Jun,255963.24,303671.84,New Haven
9-Jul,276012.58,322712.95,New Haven
9-Aug,267324.54,311032,New Haven
9-Sep,253958.31,293311.64,New Haven
9-Oct,253958.31,301127.93,New Haven
9-Nov,244601.95,289337.28,New Haven
9-Dec,244601.95,297094.58,New Haven
10-Jan,223567.03,319492.9,New Haven
10-Feb,230471.3,271077.41,New Haven
10-Mar,225704.06,268890.85,New Haven
10-Apr,247567.6,303700.97,New Haven
10-May,236718.03,275529.68,New Haven
10-Jun,268116.04,320452.45,New Haven
10-Jul,243293.53,288569.5,New Haven
10-Aug,256444.53,296150.51,New Haven
10-Sep,236718.03,270024.97,New Haven
10-Oct,243293.53,291104.27,New Haven
10-Nov,232937.11,274137.05,New Haven
10-Dec,232772.73,289647.5,New Haven
11-Jan,216761.47,258147.41,New Haven
11-Feb,214785.11,271485.25,New Haven
11-Mar,184566.02,238182.35,New Haven
11-Apr,224411.87,267145.23,New Haven
11-May,234612.41,266335.08,New Haven
11-Jun,242262.82,319528.41,New Haven
11-Jul,242262.82,285825.01,New Haven
11-Aug,232062.28,286078.11,New Haven
11-Sep,229512.14,275879.38,New Haven
11-Oct,200185.59,251058.8,New Haven
11-Nov,220586.67,274713.09,New Haven
11-Dec,207198.46,247334.19,New Haven
12-Jan,192871.82,232152.1,New Haven
12-Feb,186750.88,212660.73,New Haven
12-Mar,193621.32,232810.52,New Haven
12-Apr,216418.67,250941.09,New Haven
12-May,216793.42,261014.34,New Haven
12-Jun,237342.26,288226.26,New Haven
12-Jul,225162.86,284571.52,New Haven
12-Aug,235156.21,307254.49,New Haven
12-Sep,218604.71,259721.58,New Haven
12-Oct,218604.71,255953.82,New Haven
12-Nov,218604.71,251758.11,New Haven
12-Dec,212358.86,268282.75,New Haven
13-Jan,188669.43,232535.07,New Haven
13-Feb,196979.5,233279.08,New Haven
13-Mar,190762.34,230584.86,New Haven
13-Apr,203135.11,260109.92,New Haven
13-May,215446.33,267002.1,New Haven
13-Jun,227757.55,296584.66,New Haven
13-Jul,240068.77,288471.97,New Haven
13-Aug,240068.77,289753.36,New Haven
13-Sep,231327.8,274676.57,New Haven
13-Oct,225541.53,268131.23,New Haven
13-Nov,209290.72,264724.64,New Haven
13-Dec,208675.16,252635.63,New Haven
14-Jan,178097.81,222236.04,New Haven
14-Feb,182519.97,217033.4,New Haven
14-Mar,187790.21,221535.71,New Haven
14-Apr,194453.74,241242.81,New Haven
14-May,206569.23,268309.81,New Haven
14-Jun,222319.38,266049.09,New Haven
14-Jul,230194.45,281951.35,New Haven
14-Aug,218078.96,274183.78,New Haven
14-Sep,193847.96,256457.26,New Haven
14-Oct,204751.91,245680.97,New Haven
14-Nov,202934.58,258620.51,New Haven
14-Dec,187790.21,244369.72,New Haven
15-Jan,187563,230109.57,New Haven
15-Feb,178789.9,222696.24,New Haven
15-Mar,181512.58,219364.46,New Haven
15-Apr,193008.38,240625.81,New Haven
15-May,204201.66,248670.47,New Haven
15-Jun,229915.94,278577.28,New Haven
15-Jul,223865.52,276300.35,New Haven
15-Aug,235966.36,300610.36,New Haven
15-Sep,214487.37,258732.24,New Haven
15-Oct,205714.26,253834.67,New Haven
15-Nov,191072.25,231126.06,New Haven
15-Dec,199663.84,238419.32,New Haven
16-Jan,203737.22,242703.09,New Haven
16-Feb,188203,227879.91,New Haven
16-Mar,194177.7,234589.71,New Haven
16-Apr,191190.35,233459.43,New Haven
16-May,220346.88,255439.4,New Haven
16-Jun,238987.94,278797.84,New Haven
16-Jul,238987.94,275342.52,New Haven
16-Aug,231818.3,271903.31,New Haven
16-Sep,217238.84,249693.73,New Haven
16-Oct,215089.15,251751.06,New Haven
16-Nov,218434.98,262751.85,New Haven
16-Dec,221063.84,267838.93,New Haven
17-Jan,198900.3,241955.16,New Haven
17-Feb,193050.29,228192.33,New Haven
17-Mar,186966.28,230583.54,New Haven
17-Apr,189540.28,223854.69,New Haven
17-May,214987.82,250575.05,New Haven
17-Jun,235170.35,276243.49,New Haven
17-Jul,239850.36,276512.42,New Haven
17-Aug,245700.37,392835.31,New Haven
17-Sep,222300.33,265517.64,New Haven
17-Oct,234000.35,275825.96,New Haven
17-Nov,218205.33,264969.18,New Haven
17-Dec,209371.81,248243.41,New Haven
18-Jan,199875.81,245660.99,New Haven
18-Feb,194165.08,231360.21,New Haven
18-Mar,206157.62,259330.12,New Haven
18-Apr,220330.53,247283.28,New Haven
18-May,216893.81,258465.78,New Haven
18-Jun,250137.73,300232.89,New Haven
18-Jul,248988.16,356600.87,New Haven
18-Aug,240338.1,284771.73,New Haven
18-Sep,222718.76,259714.64,New Haven
18-Oct,217008.03,254861.38,New Haven
18-Nov,205586.55,242223.83,New Haven
18-Dec,211582.82,252366.73,New Haven
19-Jan,190711.16,229146.73,New Haven
19-Feb,190711.16,227237.29,New Haven
19-Mar,207538.61,237863.57,New Haven
19-Apr,218756.92,259734.14,New Haven
19-May,224366.07,277058.83,New Haven
19-Jun,246802.67,291119.94,New Haven
19-Jul,241193.52,282496.81,New Haven
19-Aug,246802.67,281807.58,New Haven
19-Sep,224366.07,253772.57,New Haven
19-Oct,230255.68,264676.87,New Haven
19-Nov,218756.92,251648.42,New Haven
19-Dec,219250.52,252771.29,New Haven
20-Jan,204979.44,234381.26,New Haven
20-Feb,199439.46,246980.32,New Haven
20-Mar,234895.36,275955.67,New Haven
20-Apr,263088.34,297045.47,New Haven
20-May,271459.26,299673.33,New Haven
20-Jun,251238.3,290418.58,New Haven
20-Jul,265919.3,312746.65,New Haven
20-Aug,271459.3,308986.61,New Haven
20-Sep,282539.2,313873.09,New Haven
20-Oct,279215.2,320202.32,New Haven
20-Nov,271459.3,311344.66,New Haven
20-Dec,275891.2,326270.75,New Haven
21-Jan,245550.7,280270.27,New Haven
21-Feb,244714.55,281174.69,New Haven
21-Mar,254018,296237.28,New Haven
21-Apr,261956,308672.18,New Haven
21-May,275080.3,320011.64,New Haven
21-Jun,291062.2,332782.55,New Haven
21-Jul,287887,328091.07,New Haven
21-Aug,282595,320192.02,New Haven
21-Sep,278361.3,320301.28,New Haven
21-Oct,275186.1,317212.65,New Haven
21-Nov,281272,319754.73,New Haven
21-Dec,283674.55,316831.78,New Haven
22-Jan,250000,280603.22,New Haven
22-Feb,257100,304245.04,New Haven
22-Mar,265000,296610.3,New Haven
22-Apr,265000,309779.32,New Haven
22-May,288700,332433,New Haven
22-Jun,302000,354364.33,New Haven
22-Jul,300000,358537.24,New Haven
22-Aug,300000,341366.06,New Haven
22-Sep,290000,343801.14,New Haven
22-Oct,298000,342922.87,New Haven
1-Jan,199249.23,251897.9,New London
1-Feb,218688.18,263735.08,New London
1-Mar,207348.79,255102.99,New London
1-Apr,224357.87,260901.19,New London
1-May,210588.62,258277.95,New London
1-Jun,231161.51,316474.89,New London
1-Jul,225005.84,267800.44,New London
1-Aug,223952.9,265804.99,New London
1-Sep,223547.92,279632.44,New London
1-Oct,226706.75,275783.8,New London
1-Nov,218688.18,241410.23,New London
1-Dec,205728.88,252862.45,New London
2-Jan,217645.15,257748.21,New London
2-Feb,222428.56,324593.55,New London
2-Mar,216548.95,263810.5,New London
2-Apr,227211.97,272653.75,New London
2-May,229603.68,281229.06,New London
2-Jun,251926.26,317728.62,New London
2-Jul,245548.38,293735.46,New London
2-Aug,255513.81,309929.36,New London
2-Sep,246265.89,289701.92,New London
2-Oct,239170.5,280508.32,New London
2-Nov,239170.5,295762.04,New London
2-Dec,240605.52,275442.19,New London
3-Jan,241591.09,294938.88,New London
3-Feb,249306.42,332066.99,New London
3-Mar,250194.85,296318.68,New London
3-Apr,271127.55,336789.59,New London
3-May,257177.61,296030.57,New London
3-Jun,264970.87,333178.2,New London
3-Jul,278998.74,332946.69,New London
3-Aug,288194.79,338242.93,New London
3-Sep,292636.95,342596.14,New London
3-Oct,280401.53,343322.83,New London
3-Nov,273153.79,325681.73,New London
3-Dec,272764.13,316507.27,New London
4-Jan,260970.73,328478.85,New London
4-Feb,265601.1,323489.18,New London
4-Mar,273267.78,324132.98,New London
4-Apr,289967.47,345233.79,New London
4-May,303630.86,348869.72,New London
4-Jun,305149.02,363011.51,New London
4-Jul,318660.59,390239.89,New London
4-Aug,299076.4,353946.45,New London
4-Sep,305149.02,366151.26,New London
4-Oct,318812.4,380762.82,New London
4-Nov,296040.09,365495.36,New London
4-Dec,311221.63,387800.94,New London
5-Jan,304024.98,374397.64,New London
5-Feb,323118.33,375909.7,New London
5-Mar,315774.74,363928.82,New London
5-Apr,320915.25,367237.74,New London
5-May,345149.13,398385.53,New London
5-Jun,358367.61,408481.3,New London
5-Jul,338539.89,398652.15,New London
5-Aug,362773.77,417169.03,New London
5-Sep,341477.33,392786.76,New London
5-Oct,336997.74,393964.24,New London
5-Nov,367179.92,429020.74,New London
5-Dec,348086.57,380161.77,New London
6-Jan,332888.36,397003.31,New London
6-Feb,320004.24,419390.53,New London
6-Mar,339924.47,404424,New London
6-Apr,341489.63,395245.91,New London
6-May,341845.35,428768.59,New London
6-Jun,350026.87,415072.35,New London
6-Jul,341418.48,413658.75,New London
6-Aug,348248.28,409672.59,New London
6-Sep,325838.02,389525.29,New London
6-Oct,342201.06,386400.69,New London
6-Nov,326478.31,374573.21,New London
6-Dec,320146.52,380607.5,New London
7-Jan,334208.18,398440.61,New London
7-Feb,313287.75,341663.81,New London
7-Mar,338738.06,402919.96,New London
7-Apr,343717.47,410163.79,New London
7-May,349250.14,413225.57,New London
7-Jun,346829.6,414457.99,New London
7-Jul,374147.18,421756.28,New London
7-Aug,340259.55,438027.03,New London
7-Sep,331960.53,408817.93,New London
7-Oct,316745.67,375717.63,New London
7-Nov,334726.87,446559.55,New London
7-Dec,325044.69,378466.85,New London
8-Jan,301109,351261.63,New London
8-Feb,277126.87,333213.46,New London
8-Mar,291782.62,320087.29,New London
8-Apr,300975.77,333218.88,New London
8-May,313100.07,355456.18,New London
8-Jun,310382.09,428215.48,New London
8-Jul,314099.32,355256.75,New London
8-Aug,290383.66,379862.74,New London
8-Sep,287785.59,340647.69,New London
8-Oct,286320.02,325205.52,New London
8-Nov,253011.5,303062.77,New London
8-Dec,254810.16,314868.15,New London
9-Jan,247275.2,288612.91,New London
9-Feb,253958.31,294511.27,New London
9-Mar,247275.2,334181.36,New London
9-Apr,277349.21,329825.14,New London
9-May,275277.44,320281.87,New London
9-Jun,268661.16,315244.52,New London
9-Jul,287373.88,318089.7,New London
9-Aug,265319.6,309378.91,New London
9-Sep,267324.54,312213.3,New London
9-Oct,266589.39,326030.72,New London
9-Nov,267992.85,304312.47,New London
9-Dec,252621.69,285567.14,New London
10-Jan,249869.03,268612.76,New London
10-Feb,255786.98,320779.95,New London
10-Mar,286691.83,349834.84,New London
10-Apr,263020.03,310570.64,New London
10-May,276171.03,311805.35,New London
10-Jun,263020.03,324767.77,New London
10-Jul,236718.03,310005.45,New London
10-Aug,282088.98,343001.54,New London
10-Sep,276171.03,313572.49,New London
10-Oct,298527.73,334219.63,New London
10-Nov,246581.28,320564.77,New London
10-Dec,260389.83,359252.06,New London
11-Jan,248638.16,306533.96,New London
11-Feb,242262.82,296322.85,New London
11-Mar,216761.47,273829.39,New London
11-Apr,229512.14,253501.6,New London
11-May,229512.14,290955.39,New London
11-Jun,239075.15,359028.06,New London
11-Jul,233337.35,373534.45,New London
11-Aug,260113.76,306259.4,New London
11-Sep,247299.34,299128.3,New London
11-Oct,225686.94,295713.89,New London
11-Nov,232699.81,277918.55,New London
11-Dec,242262.82,283874.93,New London
12-Jan,218604.71,274017.72,New London
12-Feb,227192.76,254784.09,New London
12-Mar,247960.2,289812.25,New London
12-Apr,262575.49,321879.12,New London
12-May,274817.35,317716.69,New London
12-Jun,246398.74,295915.67,New London
12-Jul,281063.2,323513.21,New London
12-Aug,234843.92,295357.17,New London
12-Sep,256079.81,276745.64,New London
12-Oct,238192.95,292296.28,New London
12-Nov,243588.11,298144.51,New London
12-Dec,212358.86,279544.82,New London
13-Jan,196979.5,227050.27,New London
13-Feb,196979.5,235471.72,New London
13-Mar,227757.55,311829.51,New London
13-Apr,221601.94,271516.02,New London
13-May,235759.84,269447.44,New London
13-Jun,248932.85,276629.02,New London
13-Jul,246224.38,298386.71,New London
13-Aug,257920.04,302785.13,New London
13-Sep,243146.57,287444.24,New London
13-Oct,255396.24,288414.33,New London
13-Nov,215446.33,254292.15,New London
13-Dec,215446.33,289491.08,New London
14-Jan,194090.27,278685.51,New London
14-Feb,190758.51,220972.3,New London
14-Mar,205963.46,239352.13,New London
14-Apr,199905.71,243638.23,New London
14-May,230194.45,278986.7,New London
14-Jun,236252.2,286249.47,New London
14-Jul,227771.35,273079.33,New London
14-Aug,236870.09,273091.18,New London
14-Sep,242309.95,301525.85,New London
14-Oct,216867.41,282448.4,New London
14-Nov,228982.9,276158.49,New London
14-Dec,229588.68,272007.98,New London
15-Jan,214532.75,263651.6,New London
15-Feb,187563,226574.49,New London
15-Mar,208739.47,256551.1,New London
15-Apr,199663.84,257636.59,New London
15-May,240504.17,292305.49,New London
15-Jun,217815.1,262485.5,New London
15-Jul,260168.04,296389.29,New London
15-Aug,228705.86,273648.19,New London
15-Sep,211764.68,258286.62,New London
15-Oct,189983.17,239948.51,New London
15-Nov,214789.89,264912.21,New London
15-Dec,204504.18,248275.02,New London
16-Jan,200749.87,238259.13,New London
16-Feb,213894.21,224009.85,New London
16-Mar,203020.25,232047.28,New London
16-Apr,191190.35,234287.09,New London
16-May,223453.72,275536.5,New London
16-Jun,230623.36,265994.74,New London
16-Jul,230324.63,256888.22,New London
16-Aug,246157.58,280308.31,New London
16-Sep,224887.65,264718.33,New London
16-Oct,233013.24,300510.81,New London
16-Nov,203737.22,244071.16,New London
16-Dec,236299.33,283636.83,New London
17-Jan,214636.82,231957.64,New London
17-Feb,218701.99,244487.37,New London
17-Mar,192933.29,225770.65,New London
17-Apr,217678.83,249861.33,New London
17-May,222300.33,263096.19,New London
17-Jun,247279.87,281650.36,New London
17-Jul,251550.38,271175.18,New London
17-Aug,236340.35,275270.34,New London
17-Sep,245583.37,286254.88,New London
17-Oct,260910.39,316981.15,New London
17-Nov,223177.83,292131.41,New London
17-Dec,245700.37,276656.72,New London
18-Jan,207870.85,229143.12,New London
18-Feb,211868.36,250769.24,New London
18-Mar,221005.54,253381.37,New London
18-Apr,222718.76,267875.5,New London
18-May,239856.69,285601.06,New London
18-Jun,245561.71,284972.01,New London
18-Jul,249559.23,299487.83,New London
18-Aug,248988.16,297733.62,New London
18-Sep,210726.21,262587.92,New London
18-Oct,234140.24,271090.68,New London
18-Nov,229571.65,271938.76,New London
18-Dec,221005.54,254199.3,New London
19-Jan,229975.22,266247.29,New London
19-Feb,224366.07,248382.46,New London
19-Mar,221701.72,277951.84,New London
19-Apr,229975.22,269395.03,New London
19-May,241193.52,285525.4,New London
19-Jun,259142.81,280627.83,New London
19-Jul,252411.83,298903.06,New London
19-Aug,246802.67,282778.74,New London
19-Sep,241193.52,292390.94,New London
19-Oct,233060.25,281445.81,New London
19-Nov,232779.8,282051.04,New London
19-Dec,246802.67,265978.94,New London
20-Jan,227139.38,263164.22,New London
20-Feb,220934.6,241787.49,New London
20-Mar,232125.37,258236.75,New London
20-Apr,251459.92,286906.69,New London
20-May,256445.9,286873.16,New London
20-Jun,265919.3,317572.15,New London
20-Jul,278107.2,321871.32,New London
20-Aug,279492.2,318828.59,New London
20-Sep,297386.4,356495.89,New London
20-Oct,288079.2,366659.81,New London
20-Nov,287968.4,351737.4,New London
20-Dec,276999.2,352458.53,New London
21-Jan,237083.4,295149.98,New London
21-Feb,264602,316526.13,New London
21-Mar,252959.5,302797.44,New London
21-Apr,264602,314572.95,New London
21-May,278731.75,343142.03,New London
21-Jun,296354.3,329630.03,New London
21-Jul,291062.2,344333.69,New London
21-Aug,301646.3,357802.7,New London
21-Sep,284182.6,327060.53,New London
21-Oct,285770.2,351271.75,New London
21-Nov,284711.8,335271.11,New London
21-Dec,291856,337766.46,New London
22-Jan,265000,297195.49,New London
22-Feb,251000,299886.64,New London
22-Mar,264944,323800.9,New London
22-Apr,260000,315557.42,New London
22-May,288000,321838.45,New London
22-Jun,302500,353586.35,New London
22-Jul,275000,330713.08,New London
22-Aug,300000,339756.58,New London
22-Sep,300000,358295.9,New London
22-Oct,300000,346221.14,New London
1-Jan,228407.66,364844.7,Connecticut
1-Feb,228407.66,372080.95,Connecticut
1-Mar,231647.48,359198.04,Connecticut
1-Apr,234887.31,359050.49,Connecticut
1-May,242986.87,356798.62,Connecticut
1-Jun,259185.99,398535.99,Connecticut
1-Jul,259185.99,390351.26,Connecticut
1-Aug,267285.55,413277.68,Connecticut
1-Sep,255946.17,364211.19,Connecticut
1-Oct,249025.09,343108.63,Connecticut
1-Nov,244606.78,344026.1,Connecticut
1-Dec,245416.74,354600.32,Connecticut
2-Jan,246983.4,362848.13,Connecticut
2-Feb,239090.77,353348.71,Connecticut
2-Mar,250331.79,383665.97,Connecticut
2-Apr,247142.85,360669.11,Connecticut
2-May,263087.55,401555.25,Connecticut
2-Jun,279510.59,440390.81,Connecticut
2-Jul,285410.13,455243.92,Connecticut
2-Aug,294976.95,440800.35,Connecticut
2-Sep,274567.73,400298.25,Connecticut
2-Oct,276640.54,394888.45,Connecticut
2-Nov,272654.37,396788.33,Connecticut
2-Dec,271059.9,384308.12,Connecticut
3-Jan,268088.17,406638.58,Connecticut
3-Feb,258736.26,367034.34,Connecticut
3-Mar,264970.87,376867.99,Connecticut
3-Apr,280557.39,402839.75,Connecticut
3-May,291467.96,419911.5,Connecticut
3-Jun,308613.13,451908.35,Connecticut
3-Jul,323420.33,474278.01,Connecticut
3-Aug,327316.96,482163.86,Connecticut
3-Sep,307054.48,439965.36,Connecticut
3-Oct,294585.26,418631.09,Connecticut
3-Nov,303859.24,427232.24,Connecticut
3-Dec,303937.17,425506.98,Connecticut
4-Jan,295888.27,446619.46,Connecticut
4-Feb,276304.08,433637.04,Connecticut
4-Mar,295888.27,426328.27,Connecticut
4-Apr,308185.32,478284.76,Connecticut
4-May,333842.13,480108.15,Connecticut
4-Jun,347657.34,505206.4,Connecticut
4-Jul,358284.42,529710.49,Connecticut
4-Aug,356766.26,524274.72,Connecticut
4-Sep,340066.56,490068,Connecticut
4-Oct,333993.95,470711.8,Connecticut
4-Nov,340066.56,476902.41,Connecticut
4-Dec,341584.72,479282.16,Connecticut
5-Jan,333399.37,483470.43,Connecticut
5-Feb,315774.74,475282.42,Connecticut
5-Mar,330461.93,473585.26,Connecticut
5-Apr,342211.69,496693.34,Connecticut
5-May,355430.17,506832.11,Connecticut
5-Jun,372907.93,539660.27,Connecticut
5-Jul,389210.72,567013.16,Connecticut
5-Aug,383321.15,567938.89,Connecticut
5-Sep,364242.49,513218.25,Connecticut
5-Oct,360570.69,499172.58,Connecticut
5-Nov,364242.49,500599.27,Connecticut
5-Dec,367179.92,515793.32,Connecticut
6-Jan,348603.99,508752.73,Connecticut
6-Feb,341489.63,494058.39,Connecticut
6-Mar,355718.36,514921.72,Connecticut
6-Apr,354295.49,494263.88,Connecticut
6-May,358564.11,520057.82,Connecticut
6-Jun,377061.46,547827.09,Connecticut
6-Jul,377061.46,542498.34,Connecticut
6-Aug,369804.81,516486.61,Connecticut
6-Sep,362832.73,490983.53,Connecticut
6-Oct,353939.77,467607.71,Connecticut
6-Nov,354295.49,479439,Connecticut
6-Dec,355718.36,500544.77,Connecticut
7-Jan,344409.05,518898.48,Connecticut
7-Feb,337493.21,490289.13,Connecticut
7-Mar,349941.73,523377.59,Connecticut
7-Apr,355197.77,524036.99,Connecticut
7-May,366401.44,557154.9,Connecticut
7-Jun,387148.97,586893.36,Connecticut
7-Jul,380371.44,587299.5,Connecticut
7-Aug,377605.11,558502.54,Connecticut
7-Sep,345792.22,498762.94,Connecticut
7-Oct,345792.22,480681.78,Connecticut
7-Nov,345792.22,523690.37,Connecticut
7-Dec,335764.25,482260.86,Connecticut
8-Jan,309103.04,436936.84,Connecticut
8-Feb,312433.9,460288.92,Connecticut
8-Mar,314032.71,445631.07,Connecticut
8-Apr,319761.77,463886.85,Connecticut
8-May,319761.77,458690.97,Connecticut
8-Jun,338081.45,503879.65,Connecticut
8-Jul,345475.95,517566.47,Connecticut
8-Aug,332951.94,507243.68,Connecticut
8-Sep,313100.07,432829.61,Connecticut
8-Oct,299776.66,403782.07,Connecticut
8-Nov,289451.02,381956.07,Connecticut
8-Dec,275128.36,366143.01,Connecticut
9-Jan,261817.65,358336.8,Connecticut
9-Feb,260641.42,356511.33,Connecticut
9-Mar,267324.54,373839.04,Connecticut
9-Apr,267324.54,361864.18,Connecticut
9-May,283739.6,382647.61,Connecticut
9-Jun,306086.59,424422.59,Connecticut
9-Jul,308626.18,443048.14,Connecticut
9-Aug,302076.73,433624.37,Connecticut
9-Sep,287373.88,408174.57,Connecticut
9-Oct,287373.88,407313.22,Connecticut
9-Nov,287373.88,386237.08,Connecticut
9-Dec,287373.88,413773.44,Connecticut
10-Jan,264475.85,423543.79,Connecticut
10-Feb,263020.03,393572.92,Connecticut
10-Mar,276171.03,399283.69,Connecticut
10-Apr,278472.46,419376.82,Connecticut
10-May,289190.52,405661.93,Connecticut
10-Jun,308719.76,449091.85,Connecticut
10-Jul,302473.04,506189.86,Connecticut
10-Aug,315229.51,482687.85,Connecticut
10-Sep,289322.03,431357.65,Connecticut
10-Oct,299185.28,438264.95,Connecticut
10-Nov,289322.03,421659.69,Connecticut
10-Dec,286691.83,453735.98,Connecticut
11-Jan,265214.03,425918.24,Connecticut
11-Feb,255013.49,397891.21,Connecticut
11-Mar,244812.95,379478.34,Connecticut
11-Apr,266489.1,431122.58,Connecticut
11-May,280514.84,468815.6,Connecticut
11-Jun,305378.66,505018.08,Connecticut
11-Jul,289376.56,448128.98,Connecticut
11-Aug,286890.18,441564.79,Connecticut
11-Sep,279558.54,417950.61,Connecticut
11-Oct,245131.72,354118.54,Connecticut
11-Nov,256288.56,369673.84,Connecticut
11-Dec,249913.22,358935.84,Connecticut
12-Jan,226724.32,348308.55,Connecticut
12-Feb,224850.56,334089.27,Connecticut
12-Mar,238591.43,351082.48,Connecticut
12-Apr,249833.96,354744.77,Connecticut
12-May,264824,393675.87,Connecticut
12-Jun,285747.59,449712.12,Connecticut
12-Jul,287309.05,436853.29,Connecticut
12-Aug,277593.63,425343.21,Connecticut
12-Sep,254518.35,392358.53,Connecticut
12-Oct,256079.81,355606.56,Connecticut
12-Nov,247571.71,370559.75,Connecticut
12-Dec,254830.64,439966.12,Connecticut
13-Jan,226526.43,343285.22,Connecticut
13-Feb,226526.43,349100.54,Connecticut
13-Mar,232682.04,356816.86,Connecticut
13-Apr,248686.62,374341.98,Connecticut
13-May,273001.28,429641.3,Connecticut
13-Jun,289313.65,464801.05,Connecticut
13-Jul,295469.25,445276.69,Connecticut
13-Aug,295469.25,438228.62,Connecticut
13-Sep,264691.21,377940.87,Connecticut
13-Oct,258535.6,353087.95,Connecticut
13-Nov,246224.38,379969.61,Connecticut
13-Dec,252379.99,399543.55,Connecticut
14-Jan,226559.8,346525.36,Connecticut
14-Feb,220926.1,332731.36,Connecticut
14-Mar,218078.96,335706.75,Connecticut
14-Apr,237463.75,373716.94,Connecticut
14-May,260483.2,412100.16,Connecticut
14-Jun,279867.99,433390.75,Connecticut
14-Jul,281214.02,418042.8,Connecticut
14-Aug,278656.44,428924.84,Connecticut
14-Sep,249579.25,365178.41,Connecticut
14-Oct,244733.05,366450.88,Connecticut
14-Nov,248791.74,371663.47,Connecticut
14-Dec,235040.65,371618.09,Connecticut
15-Jan,224470.56,345393.97,Connecticut
15-Feb,220840.31,347873.12,Connecticut
15-Mar,229915.94,337334.1,Connecticut
15-Apr,234756.28,367478.19,Connecticut
15-May,262799.97,397256.49,Connecticut
15-Jun,278319.3,426871.26,Connecticut
15-Jul,280739.46,418739.45,Connecticut
15-Aug,272268.88,396176.3,Connecticut
15-Sep,260168.04,366286.11,Connecticut
15-Oct,242016.78,360175.48,Connecticut
15-Nov,235966.36,343532.44,Connecticut
15-Dec,241895.77,340162.69,Connecticut
16-Jan,233013.24,340987.72,Connecticut
16-Feb,223453.72,323816.76,Connecticut
16-Mar,225246.13,323747.8,Connecticut
16-Apr,238987.94,348273.16,Connecticut
16-May,259301.91,361730.89,Connecticut
16-Jun,274836.13,412935.95,Connecticut
16-Jul,274836.13,379152.93,Connecticut
16-Aug,274836.13,371682.85,Connecticut
16-Sep,262767.24,357903.5,Connecticut
16-Oct,252132.28,360088.97,Connecticut
16-Nov,250937.34,345757.87,Connecticut
16-Dec,249742.4,346692.02,Connecticut
17-Jan,231543.35,336662.2,Connecticut
17-Feb,228150.34,337692.58,Connecticut
17-Mar,225810.34,322417.99,Connecticut
17-Apr,239850.36,340791.18,Connecticut
17-May,254182.88,347510.79,Connecticut
17-Jun,276120.41,382040.01,Connecticut
17-Jul,278460.42,382657.17,Connecticut
17-Aug,276061.91,409266.37,Connecticut
17-Sep,260793.39,350722.09,Connecticut
17-Oct,265590.4,348496.89,Connecticut
17-Nov,254475.38,350838.74,Connecticut
17-Dec,254782.51,372573.18,Connecticut
18-Jan,234140.24,325456.54,Connecticut
18-Feb,225859.67,339964.89,Connecticut
18-Mar,239850.98,348601.86,Connecticut
18-Apr,251272.45,361928.47,Connecticut
18-May,256983.19,356481.99,Connecticut
18-Jun,284394.73,400878.88,Connecticut
18-Jul,283252.58,417276.45,Connecticut
18-Aug,277541.84,431251.64,Connecticut
18-Sep,252757.24,351328.74,Connecticut
18-Oct,249559.23,332025.64,Connecticut
18-Nov,247274.93,344614.49,Connecticut
18-Dec,251272.45,358956.64,Connecticut
19-Jan,229975.22,327409.17,Connecticut
19-Feb,224029.52,296602.01,Connecticut
19-Mar,239510.78,327797.41,Connecticut
19-Apr,246802.67,347978.35,Connecticut
19-May,266995.62,363114.9,Connecticut
19-Jun,280345.4,387294.61,Connecticut
19-Jul,280457.58,377723.57,Connecticut
19-Aug,274848.43,378084.57,Connecticut
19-Sep,261386.47,350161.6,Connecticut
19-Oct,255777.32,338308.29,Connecticut
19-Nov,256749.94,347508.72,Connecticut
19-Dec,258020.98,339848.22,Connecticut
20-Jan,247083.33,352413.59,Connecticut
20-Feb,239659.75,319072.17,Connecticut
20-Mar,259271.29,337233.91,Connecticut
20-Apr,282816.23,358439.27,Connecticut
20-May,285863.22,382084.6,Connecticut
20-Jun,293508.4,425598.31,Connecticut
20-Jul,310826.4,446235.94,Connecticut
20-Aug,325751.1,484315.44,Connecticut
20-Sep,322981.1,477262.57,Connecticut
20-Oct,317995.1,460308.98,Connecticut
20-Nov,311347.2,437127.39,Connecticut
20-Dec,310239.2,459227.83,Connecticut
21-Jan,284182.6,393701.04,Connecticut
21-Feb,280478.2,420574.89,Connecticut
21-Mar,281668.9,421838.97,Connecticut
21-Apr,297677.3,450972.99,Connecticut
21-May,312230.4,479508.52,Connecticut
21-Jun,332340.2,495536.67,Connecticut
21-Jul,333398.6,505592.93,Connecticut
21-Aug,333398.6,484581.14,Connecticut
21-Sep,309055.2,425930.32,Connecticut
21-Oct,309055.2,427607.13,Connecticut
21-Nov,306938.4,426048.15,Connecticut
21-Dec,312230.4,433527.72,Connecticut
22-Jan,275000,388570.25,Connecticut
22-Feb,282000,398196.89,Connecticut
22-Mar,285000,405611.14,Connecticut
22-Apr,300000,437059.63,Connecticut
22-May,310000,437711.41,Connecticut
22-Jun,333000,490462.24,Connecticut
22-Jul,340000,488122.6,Connecticut
22-Aug,331000,484793.62,Connecticut
22-Sep,320000,435715.64,Connecticut
22-Oct,320000,427087.92,Connecticut
1-Jan,210426.63,236289.09,Tolland
1-Feb,191959.63,213622.86,Tolland
1-Mar,210588.62,222117.34,Tolland
1-Apr,207348.79,218343.02,Tolland
1-May,224438.87,241021.46,Tolland
1-Jun,242986.87,249782.53,Tolland
1-Jul,246226.69,262496.29,Tolland
1-Aug,242905.87,275216.82,Tolland
1-Sep,246226.69,247902.27,Tolland
1-Oct,267285.55,260158.03,Tolland
1-Nov,238127.13,258505.23,Tolland
1-Dec,232376.44,244776.45,Tolland
2-Jan,215253.45,246906.61,Tolland
2-Feb,229603.68,297138.39,Tolland
2-Mar,223225.8,257107.14,Tolland
2-Apr,235503.22,245961.53,Tolland
2-May,241562.2,258082.29,Tolland
2-Jun,248737.32,259663.55,Tolland
2-Jul,271059.9,284650.99,Tolland
2-Aug,247142.85,265700.25,Tolland
2-Sep,271059.9,294305.89,Tolland
2-Oct,268588.47,288691.02,Tolland
2-Nov,262609.21,282153.11,Tolland
2-Dec,270262.66,324015.31,Tolland
3-Jan,249384.35,276448.36,Tolland
3-Feb,257177.61,289737.45,Tolland
3-Mar,247046.37,258715.98,Tolland
3-Apr,250943,269199.75,Tolland
3-May,264970.87,276220.05,Tolland
3-Jun,264892.94,294133.78,Tolland
3-Jul,276271.1,297957.15,Tolland
3-Aug,277050.42,315005.86,Tolland
3-Sep,270426.15,277362.91,Tolland
3-Oct,269646.83,288791.9,Tolland
3-Nov,278842.87,302820.5,Tolland
3-Dec,272764.13,289286.82,Tolland
4-Jan,230759.45,251528.98,Tolland
4-Feb,264158.85,272381.66,Tolland
4-Mar,250495.46,276955.09,Tolland
4-Apr,288449.32,321906.85,Tolland
4-May,275545.01,287544.26,Tolland
4-Jun,302112.71,321821.73,Tolland
4-Jul,318812.4,334505.41,Tolland
4-Aug,320330.56,341286,Tolland
4-Sep,302416.34,327881.04,Tolland
4-Oct,311221.63,325332.2,Tolland
4-Nov,318812.4,337806.88,Tolland
4-Dec,326403.18,334650.2,Tolland
5-Jan,301381.28,330897.93,Tolland
5-Feb,279056.74,294444.2,Tolland
5-Mar,293743.94,321635.69,Tolland
5-Apr,291540.86,305546.69,Tolland
5-May,330388.5,348841.03,Tolland
5-Jun,330461.93,343911.61,Tolland
5-Jul,315774.74,336490.87,Tolland
5-Aug,331196.29,350752.23,Tolland
5-Sep,337658.66,358630.88,Tolland
5-Oct,315774.74,346240.57,Tolland
5-Nov,311368.58,334586.81,Tolland
5-Dec,348086.57,364008.37,Tolland
6-Jan,337221.01,350099.51,Tolland
6-Feb,296932.34,319168.53,Tolland
6-Mar,320146.52,341873.94,Tolland
6-Apr,320146.52,336856.89,Tolland
6-May,321569.4,327706.3,Tolland
6-Jun,325838.02,339225.74,Tolland
6-Jul,327260.89,360311.04,Tolland
6-Aug,353317.26,370165.83,Tolland
6-Sep,335015.55,365951.11,Tolland
6-Oct,324059.43,325547.23,Tolland
6-Nov,319435.09,338969.11,Tolland
6-Dec,294534.8,305736.53,Tolland
7-Jan,325044.69,333730.53,Tolland
7-Feb,301530.82,305874.05,Tolland
7-Mar,329194.19,337188.85,Tolland
7-Apr,317990.53,332375.13,Tolland
7-May,311213,340811.97,Tolland
7-Jun,324906.37,336968,Tolland
7-Jul,343025.88,356614.48,Tolland
7-Aug,338876.38,347238.18,Tolland
7-Sep,318128.84,342187.97,Tolland
7-Oct,320895.18,331878.58,Tolland
7-Nov,325044.69,349232.6,Tolland
7-Dec,328502.61,341086.58,Tolland
8-Jan,293114.96,289535.35,Tolland
8-Feb,296445.81,315381.08,Tolland
8-Mar,293114.96,306844.42,Tolland
8-Apr,292981.72,305557.91,Tolland
8-May,324703.42,338593.35,Tolland
8-Jun,305106.02,335113.12,Tolland
8-Jul,304439.85,331113.28,Tolland
8-Aug,299776.66,325394.11,Tolland
8-Sep,293114.96,313181.42,Tolland
8-Oct,286453.25,302225.15,Tolland
8-Nov,279791.55,315067.17,Tolland
8-Dec,292981.72,314681.95,Tolland
9-Jan,259473.88,262131.47,Tolland
9-Feb,289378.81,294428.69,Tolland
9-Mar,299403.48,297207.17,Tolland
9-Apr,300740.1,298249.51,Tolland
9-May,287373.88,313286.44,Tolland
9-Jun,310764.77,316681.26,Tolland
9-Jul,307423.22,323407.7,Tolland
9-Aug,286037.25,289963.93,Tolland
9-Sep,291250.08,290339.58,Tolland
9-Oct,280623.93,298945.85,Tolland
9-Nov,284032.32,298637.6,Tolland
9-Dec,280690.76,287739.28,Tolland
10-Jan,257759.63,269470.26,Tolland
10-Feb,265650.23,292975.13,Tolland
10-Mar,263020.03,278090.12,Tolland
10-Apr,263020.03,276591.1,Tolland
10-May,298856.51,302091.31,Tolland
10-Jun,289322.03,328649.17,Tolland
10-Jul,280130.14,282619.25,Tolland
10-Aug,291228.93,295959.11,Tolland
10-Sep,269595.53,272380.73,Tolland
10-Oct,281694.45,331579.49,Tolland
10-Nov,297870.18,330253.85,Tolland
10-Dec,254143.1,282982.73,Tolland
11-Jan,248000.62,251973.54,Tolland
11-Feb,235887.48,242783.39,Tolland
11-Mar,290715.38,311042.59,Tolland
11-Apr,225686.94,276505.92,Tolland
11-May,265214.03,277263.16,Tolland
11-Jun,285870.13,328333.42,Tolland
11-Jul,281471.14,325046.92,Tolland
11-Aug,274139.51,283157.1,Tolland
11-Sep,291990.45,320568.61,Tolland
11-Oct,257563.63,276785.52,Tolland
11-Nov,233337.35,260402.79,Tolland
11-Dec,238883.89,245259.54,Tolland
12-Jan,203614.68,222065.99,Tolland
12-Feb,221727.64,265500.48,Tolland
12-Mar,208611.36,226517.06,Tolland
12-Apr,231096.41,251109.47,Tolland
12-May,251332.96,271309.55,Tolland
12-Jun,274692.44,278893.77,Tolland
12-Jul,272006.72,291392.56,Tolland
12-Aug,262325.66,283012.08,Tolland
12-Sep,242297.09,258104.25,Tolland
12-Oct,249833.96,249262.26,Tolland
12-Nov,261076.49,285124.8,Tolland
12-Dec,234219.34,265624.28,Tolland
13-Jan,217908.58,247045.92,Tolland
13-Feb,227757.55,247442.15,Tolland
13-Mar,230219.79,248528.92,Tolland
13-Apr,234528.72,249885.98,Tolland
13-May,237606.53,275915.73,Tolland
13-Jun,258535.6,277516.02,Tolland
13-Jul,273309.06,289601.9,Tolland
13-Aug,270785.26,287056.94,Tolland
13-Sep,264998.99,262430.83,Tolland
13-Oct,260997.84,284823.7,Tolland
13-Nov,227757.55,236248.41,Tolland
13-Dec,229173.34,259207.79,Tolland
14-Jan,236252.2,237859.98,Tolland
14-Feb,222319.38,253204.35,Tolland
14-Mar,205599.99,223562.92,Tolland
14-Apr,230194.45,252670.84,Tolland
14-May,237160.86,245862.74,Tolland
14-Jun,259211.07,325758.08,Tolland
14-Jul,271690.03,282376.16,Tolland
14-Aug,258362.99,269453.39,Tolland
14-Sep,247761.92,281905.83,Tolland
14-Oct,239886.85,254088.74,Tolland
14-Nov,232617.55,258939.57,Tolland
14-Dec,222016.49,236153.63,Tolland
15-Jan,229915.94,245689.28,Tolland
15-Feb,211764.68,247545.53,Tolland
15-Mar,209344.51,225264.7,Tolland
15-Apr,237781.48,245016.06,Tolland
15-May,223865.52,235638,Tolland
15-Jun,249277.28,273757.92,Tolland
15-Jul,260168.04,277555.02,Tolland
15-Aug,272268.88,279158.54,Tolland
15-Sep,245041.99,255883.15,Tolland
15-Oct,234151.23,247865.55,Tolland
15-Nov,238326.02,259470.45,Tolland
15-Dec,232941.15,247313.52,Tolland
16-Jan,193281.5,208388.91,Tolland
16-Feb,232057.29,240116.55,Tolland
16-Mar,182467.29,190568.81,Tolland
16-Apr,213894.21,231193.51,Tolland
16-May,258883.69,273408.9,Tolland
16-Jun,267367.76,266212.1,Tolland
16-Jul,248547.46,268328.61,Tolland
16-Aug,277524.74,283536.58,Tolland
16-Sep,253924.69,252934.03,Tolland
16-Oct,237135.78,264990.69,Tolland
16-Nov,234208.18,247158.49,Tolland
16-Dec,246755.05,271842.3,Tolland
17-Jan,207090.31,234295.39,Tolland
17-Feb,181350.27,202193.33,Tolland
17-Mar,216450.32,227754.86,Tolland
17-Apr,219258.33,246124.84,Tolland
17-May,207675.31,228122.71,Tolland
17-Jun,249795.37,264075.36,Tolland
17-Jul,262372.89,265843.4,Tolland
17-Aug,257400.39,269923.14,Tolland
17-Sep,228091.84,258159.37,Tolland
17-Oct,246870.37,265696.52,Tolland
17-Nov,246870.37,264334.34,Tolland
17-Dec,223470.34,240758.69,Tolland
18-Jan,228315.29,232197.11,Tolland
18-Feb,226659.17,243237.72,Tolland
18-Mar,211297.29,228391.67,Tolland
18-Apr,227287.35,241045.38,Tolland
18-May,228315.29,238016.48,Tolland
18-Jun,249730.55,265762.59,Tolland
18-Jul,245561.71,260912.62,Tolland
18-Aug,232998.09,264876.87,Tolland
18-Sep,232940.98,243830.08,Tolland
18-Oct,228429.5,247125.83,Tolland
18-Nov,224146.45,234363.3,Tolland
18-Dec,228429.5,239719.15,Tolland
19-Jan,201200.27,239820.22,Tolland
19-Feb,212179.63,214667.24,Tolland
19-Mar,233340.71,238018.02,Tolland
19-Apr,224253.88,232197.48,Tolland
19-May,246690.49,247028.25,Tolland
19-Jun,243998.1,251962.26,Tolland
19-Jul,252299.64,259629.87,Tolland
19-Aug,249046.34,253042.9,Tolland
19-Sep,238613.31,250940.33,Tolland
19-Oct,241754.44,242170.86,Tolland
19-Nov,241193.52,246689.06,Tolland
19-Dec,241193.52,242785.39,Tolland
20-Jan,251515.32,277119.18,Tolland
20-Feb,196392.47,220860.8,Tolland
20-Mar,254839.31,270719.28,Tolland
20-Apr,253177.31,271606.9,Tolland
20-May,260379.29,264385.74,Tolland
20-Jun,262041.3,271782.49,Tolland
20-Jul,276888.4,283300.49,Tolland
20-Aug,288079.2,290298.56,Tolland
20-Sep,264811.3,283186.54,Tolland
20-Oct,286915.8,298364.36,Tolland
20-Nov,283093.2,291739.19,Tolland
20-Dec,265919.3,280260.73,Tolland
21-Jan,266613,279933.64,Tolland
21-Feb,253965.05,257285.34,Tolland
21-Mar,248725.9,257812.24,Tolland
21-Apr,259310,273206,Tolland
21-May,287754.7,292293.22,Tolland
21-Jun,301646.3,311999.32,Tolland
21-Jul,291062.2,326216.47,Tolland
21-Aug,301646.3,317806.62,Tolland
21-Sep,280372.3,305668.43,Tolland
21-Oct,306832.5,327424.16,Tolland
21-Nov,282012.85,291009.95,Tolland
21-Dec,280478.2,305306.79,Tolland
22-Jan,253333,295447.44,Tolland
22-Feb,250000,259192.04,Tolland
22-Mar,255000,277014.74,Tolland
22-Apr,261000,264968.49,Tolland
22-May,278750,292388.59,Tolland
22-Jun,296500,322488.28,Tolland
22-Jul,325000,330657.8,Tolland
22-Aug,289000,317642.04,Tolland
22-Sep,301000,320356.99,Tolland
22-Oct,289900,303814.4,Tolland
1-Jan,164947.59,188106.85,Windham
1-Feb,185075,184633.47,Windham
1-Mar,168308.9,177968.62,Windham
1-Apr,167660.94,167338.61,Windham
1-May,189529.76,197962.84,Windham
1-Jun,182240.15,200825.96,Windham
1-Jul,190258.72,214777.91,Windham
1-Aug,186289.93,198184.73,Windham
1-Sep,194227.5,201874.02,Windham
1-Oct,183860.06,199650.64,Windham
1-Nov,199249.23,199295.02,Windham
1-Dec,194389.49,190688.7,Windham
2-Jan,191176.95,201893.99,Windham
2-Feb,175391.7,192621.74,Windham
2-Mar,184958.52,196782.97,Windham
2-Apr,180175.11,185218.35,Windham
2-May,184958.52,205212.2,Windham
2-Jun,202497.69,218383.3,Windham
2-Jul,207281.1,231675.55,Windham
2-Aug,207201.37,227651.86,Windham
2-Sep,205208.29,224195.3,Windham
2-Oct,202497.69,222904.74,Windham
2-Nov,207281.1,218339.01,Windham
2-Dec,208875.57,219016.68,Windham
3-Jan,208859.39,237620.87,Windham
3-Feb,217431.98,218909.59,Windham
3-Mar,198338.49,209119.52,Windham
3-Apr,210418.04,219217.74,Windham
3-May,218133.37,240924.65,Windham
3-Jun,233797.83,252843.61,Windham
3-Jul,233797.83,258991.21,Windham
3-Aug,229121.87,249706.29,Windham
3-Sep,233641.96,234423.41,Windham
3-Oct,235356.48,252100.03,Windham
3-Nov,236915.13,251595.13,Windham
3-Dec,236330.64,253533.03,Windham
4-Jan,220132.37,230304.61,Windham
4-Feb,220132.37,225120.72,Windham
4-Mar,235313.92,250854.34,Windham
4-Apr,239488.84,248226.45,Windham
4-May,259604.39,263168.82,Windham
4-Jun,265677,286982.44,Windham
4-Jul,257934.42,280139.45,Windham
4-Aug,257934.42,273407.42,Windham
4-Sep,273267.78,284290.45,Windham
4-Oct,280858.55,306020.29,Windham
4-Nov,273267.78,297829.69,Windham
4-Dec,284881.66,294838.39,Windham
5-Jan,280525.46,295076.68,Windham
5-Feb,249608.91,265752.58,Windham
5-Mar,264369.55,287839.14,Windham
5-Apr,277588.02,312835.33,Windham
5-May,293743.94,307091.48,Windham
5-Jun,279056.74,293719.18,Windham
5-Jul,301748.46,315430.3,Windham
5-Aug,290806.5,318177.58,Windham
5-Sep,293743.94,312174.37,Windham
5-Oct,301014.1,316787.58,Windham
5-Nov,292642.4,316432.9,Windham
5-Dec,293597.07,327528.36,Windham
6-Jan,278883.2,293584.61,Windham
6-Feb,297380.55,321091.08,Windham
6-Mar,270986.25,279898.74,Windham
6-Apr,291689.06,313927.8,Windham
6-May,298803.42,312757.5,Windham
6-Jun,300226.3,347178.34,Windham
6-Jul,296669.11,316279.63,Windham
6-Aug,308123.24,303016.96,Windham
6-Sep,283151.82,291577.48,Windham
6-Oct,290195.04,304896.79,Windham
6-Nov,295246.24,294579.58,Windham
6-Dec,300226.3,303612.23,Windham
7-Jan,287699.13,273874.29,Windham
7-Feb,283549.62,285417.57,Windham
7-Mar,269717.93,294113.65,Windham
7-Apr,289082.3,303866.4,Windham
7-May,279296.38,278311.71,Windham
7-Jun,294352.17,291597.36,Windham
7-Jul,283549.62,296408.72,Windham
7-Aug,272484.27,299732.08,Windham
7-Sep,290465.47,297344.4,Windham
7-Oct,283549.62,304167.86,Windham
7-Nov,267643.18,285388.49,Windham
7-Dec,281129.08,294598.4,Windham
8-Jan,237956.05,253710.14,Windham
8-Feb,245150.69,244489.26,Windham
8-Mar,239821.33,253334.31,Windham
8-Apr,246483.03,259208.98,Windham
8-May,219836.22,234461.09,Windham
8-Jun,255809.42,267518.81,Windham
8-Jul,243085.56,279102.38,Windham
8-Aug,242486.01,241529.3,Windham
8-Sep,226164.84,242957.02,Windham
8-Oct,235824.31,231889.6,Windham
8-Nov,229828.77,247469.5,Windham
8-Dec,221002.02,250454.32,Windham
9-Jan,202832.49,254755.56,Windham
9-Feb,203218.11,220934.1,Windham
9-Mar,223215.99,230113.33,Windham
9-Apr,217869.5,217583.96,Windham
9-May,219540.28,231287.97,Windham
9-Jun,226490.71,221506.55,Windham
9-Jul,233908.97,243633.91,Windham
9-Aug,213191.32,223800.14,Windham
9-Sep,213859.63,216658.98,Windham
9-Oct,209849.76,235501.65,Windham
9-Nov,222480.85,233943,Windham
9-Dec,231904.04,260177.58,Windham
10-Jan,197265.02,203835.96,Windham
10-Feb,219555.97,242653.99,Windham
10-Mar,202130.89,218866.38,Windham
10-Apr,199237.67,217489.07,Windham
10-May,225868.45,245930.29,Windham
10-Jun,204432.32,218554.75,Windham
10-Jul,197265.02,212758.98,Windham
10-Aug,198580.12,202412.95,Windham
10-Sep,189374.42,194323.49,Windham
10-Oct,216991.53,231194.96,Windham
10-Nov,190689.52,209703.55,Windham
10-Dec,192004.62,191085.37,Windham
11-Jan,184884.78,182327.3,Windham
11-Feb,173409.18,180902.61,Windham
11-Mar,162571.1,202487.79,Windham
11-Apr,175640.54,191067.73,Windham
11-May,183609.72,197817.3,Windham
11-Jun,186159.85,190253.45,Windham
11-Jul,180549.55,179145.89,Windham
11-Aug,196360.39,207606.95,Windham
11-Sep,203883.29,214185.19,Windham
11-Oct,193810.26,190413.38,Windham
11-Nov,188709.99,189807.39,Windham
11-Dec,191260.12,190621.47,Windham
12-Jan,168637.92,185122.69,Windham
12-Feb,172947.56,185104.21,Windham
12-Mar,150524.96,177021.91,Windham
12-Apr,149900.38,160029.72,Windham
12-May,181129.62,187993.28,Windham
12-Jun,176944.9,187998.76,Windham
12-Jul,186750.88,192144.26,Windham
12-Aug,195432.61,193820.72,Windham
12-Sep,187375.47,184865.28,Windham
12-Oct,187375.47,199378.28,Windham
12-Nov,187375.47,194431.36,Windham
12-Dec,156146.22,167742.82,Windham
13-Jan,166201.46,182820.52,Windham
13-Feb,174819.31,189450.68,Windham
13-Mar,172357.07,190291.17,Windham
13-Apr,164354.77,175474.19,Windham
13-May,184668.28,187968.86,Windham
13-Jun,196979.5,213942.09,Windham
13-Jul,184606.73,210582.94,Windham
13-Aug,190762.34,195996,Windham
13-Sep,184606.73,192816.28,Windham
13-Oct,184545.17,204552.47,Windham
13-Nov,184668.28,192791.28,Windham
13-Dec,163123.65,179178.58,Windham
14-Jan,167193.87,171804.59,Windham
14-Feb,161741.89,170900.24,Windham
14-Mar,175614.14,189231.68,Windham
14-Apr,167133.29,179405.96,Windham
14-May,187790.21,204192.05,Windham
14-Jun,173857.39,188370.26,Windham
14-Jul,179915.14,194645.9,Windham
14-Aug,186578.66,190900.21,Windham
14-Sep,174220.85,184011.51,Windham
14-Oct,157501.47,158827.66,Windham
14-Nov,175674.71,188903.63,Windham
14-Dec,164649.61,185030.86,Windham
15-Jan,157189.9,173873.11,Windham
15-Feb,163361.33,173382.78,Windham
15-Mar,177095.78,186479.02,Windham
15-Apr,169411.74,186307.74,Windham
15-May,172920.99,199734.95,Windham
15-Jun,207529.39,218546.75,Windham
15-Jul,185505.86,200399.58,Windham
15-Aug,199663.84,208478.34,Windham
15-Sep,186224.65,206874.33,Windham
15-Oct,199663.84,212188.28,Windham
15-Nov,169411.74,185924.56,Windham
15-Dec,183630.23,189697.6,Windham
16-Jan,171772.58,178099.98,Windham
16-Feb,173266.26,187018.96,Windham
16-Mar,160121.92,173126.66,Windham
16-Apr,161316.86,182184.3,Windham
16-May,188800.47,199027.73,Windham
16-Jun,189995.41,200036.91,Windham
16-Jul,215089.15,220970.99,Windham
16-Aug,203139.75,213222.35,Windham
16-Sep,194775.17,189441.94,Windham
16-Oct,197165.05,210715.59,Windham
16-Nov,185215.65,185896.02,Windham
16-Dec,174461.2,184731.96,Windham
17-Jan,179010.27,190554.37,Windham
17-Feb,197145.3,200744.72,Windham
17-Mar,174330.26,184602.85,Windham
17-Apr,175383.26,183155.33,Windham
17-May,187200.28,202326.88,Windham
17-Jun,204750.31,215994.9,Windham
17-Jul,193342.79,256881.83,Windham
17-Aug,202410.3,219372.36,Windham
17-Sep,204867.31,215637.18,Windham
17-Oct,223470.34,230742.57,Windham
17-Nov,175500.26,207727.9,Windham
17-Dec,207675.31,211292.97,Windham
18-Jan,185598.97,194480.95,Windham
18-Feb,188454.34,195428.88,Windham
18-Mar,188454.34,207547.29,Windham
18-Apr,182743.6,206181.95,Windham
18-May,199875.81,216230.23,Windham
18-Jun,222718.76,224724.2,Windham
18-Jul,199875.81,217287.4,Windham
18-Aug,205529.44,212016.54,Windham
18-Sep,218093.07,218076.13,Windham
18-Oct,188625.66,202331.4,Windham
18-Nov,201017.96,207072.31,Windham
18-Dec,194165.08,203220.75,Windham
19-Jan,193179.18,216879.38,Windham
19-Feb,180109.86,182591.69,Windham
19-Mar,164796.88,175877.4,Windham
19-Apr,190598.97,193281.92,Windham
19-May,201873.37,209173.73,Windham
19-Jun,224366.07,223480.12,Windham
19-Jul,217074.17,227556.94,Windham
19-Aug,207538.61,220229.2,Windham
19-Sep,207538.61,218438.04,Windham
19-Oct,207538.61,219682.29,Windham
19-Nov,205294.95,217399.37,Windham
19-Dec,210062.73,216682.44,Windham
20-Jan,206364.44,217128.7,Windham
20-Feb,198331.46,208903.09,Windham
20-Mar,217089.85,216756.5,Windham
20-Apr,237111.35,234276.91,Windham
20-May,241044.74,243806.15,Windham
20-Jun,213289.4,232757.63,Windham
20-Jul,244867.3,243821.03,Windham
20-Aug,249299.3,276124.12,Windham
20-Sep,251515.3,262120.27,Windham
20-Oct,245975.3,262823.12,Windham
20-Nov,254839.3,274174.65,Windham
20-Dec,234895.4,259276.88,Windham
21-Jan,216973.7,231693.4,Windham
21-Feb,240258.65,256126.76,Windham
21-Mar,238141.8,248413.83,Windham
21-Apr,244492.25,255907.26,Windham
21-May,238141.8,252473.62,Windham
21-Jun,259839.2,270935.8,Windham
21-Jul,275133.2,289984.63,Windham
21-Aug,264602,278810.39,Windham
21-Sep,264602,288567.15,Windham
21-Oct,264602,280938.02,Windham
21-Nov,268306.45,277760.62,Windham
21-Dec,254018,258796.97,Windham
22-Jan,240000,265245.36,Windham
22-Feb,219950,239562.42,Windham
22-Mar,241000,254514.68,Windham
22-Apr,235000,245296.48,Windham
22-May,270000,289861.73,Windham
22-Jun,280000,298865.77,Windham
22-Jul,269500,275570.17,Windham
22-Aug,305000,312870.58,Windham
22-Sep,265000,272930.62,Windham
22-Oct,267750,280328.91,Windham
